:040000006F00F01C81
:100004000000000000000000C8020000CA02000056
:1000140000000000CC090000000000000000000007
:10002400CC090000CC090000000000000000000022
:10003400CC09000000000000CC0900000000000012
:10004400CC090000CC090000CC090000CC09000058
:10005400CC090000CC090000CC090000CC09000048
:10006400CC090000CC090000CC090000CC09000038
:10007400CC090000CC090000CC090000CC09000028
:10008400CC090000CC090000CC090000CC09000018
:10009400CC090000CC090000CC0900001C030000BE
:1000A400CC090000CC090000CC090000CC090000F8
:1000B40078030000CC090000CC090000CC09000042
:1000C400CC090000CC090000CC090000CC090000D8
:1000D400CC090000CC090000CC090000CC090000C8
:1000E400CC090000CC090000CC090000CC090000B8
:1000F400CC090000CC090000CC090000CC090000A8
:1001040000000000CC090000CC090000CC0900006C
:10011400CC090000CC090000CC090000CC09000087
:10012400CC090000CC090000CC090000CC09000077
:10013400CC09000070030000CC090000CC090000C9
:10014400CC090000CC090000CC090000CC09000057
:10015400CC090000CC090000CC090000CC09000047
:10016400CC090000CC090000CC090000CC09000037
:10017400CC090000CC090000CC090000CC09000027
:10018400CC090000CC090000CC090000CC09000017
:10019400CC090000CC090000CC090000CC09000007
:1001A400000000000000000000000000000000004B
:0C01B4000000000000000000000000003F
:1001C000397101436EC619A0397141536AC866CAB4
:1001D00062CC5ECE19A0397101535AD056D252D496
:1001E0004ED64AD826DA22DC06DE3301614082820E
:1001F00041114AC026C222C406C68282B24D4101C4
:10020000024D924C224CB24B4101024B924A224A7F
:10021000B2494101024992442244B24041018280E4
:100220003D432A876373C3029377F700BDEFADE5C3
:10023000937606FF3D8ABA960CC34CC30CC74CC7D5
:100240004107E36BD7FE11E28280B306C3408A0602
:100250009702000096966780A6002307B700A306C2
:10026000B7002306B700A305B7002305B700A30412
:10027000B7002304B700A303B7002303B700A3020A
:10028000B7002302B700A301B7002301B700A30002
:10029000B7002300B700828093F5F50F9396850091
:1002A000D58D93960501D58D61B79396270097025A
:1002B000000096968682E78086FA9680C1171D8F89
:1002C0003E96E374C3F8A5B701A037A50000130557
:1002D00005C2EF90207FEF10E07DAA8537A50000D2
:1002E000130545C3EF90C07BEF10207DAA8537A58D
:1002F0000000130545C4EF90A07AEF10607CAA853A
:1003000037A50000130545C5EF908079B707EFBE0C
:1003100037E700E0938707083CC701A0397106DE84
:1003200016DC1ADA1ED82AD62ED432D236D03ACEDD
:100330003ECC42CA46C872C676C47AC27EC0EF10AE
:10034000201613050008EF00300EF250E25252530F
:10035000C2533255A255125682567247E24752484E
:10036000C248324EA24E124F824F2161730020309C
:10037000EF102050730020302945EF009063854531
:1003800037050040EF00D0507300203019C9EFF25C
:100390003FE6AA8537A500001305C5D8EF90407049
:1003A00095BD8280EFF2DFE441118545054502C22B
:1003B00002C423160100EF00303183A78180374744
:1003C0000F0013070724B3D7E7024C00370500409E
:1003D000231501007C8489679387F7703EC2EF0084
:1003E000B0390546854537050040EF005049854541
:1003F00037050040EF003047854537050040EF00E6
:100400003049B7E700E0130700F82386E7420567A5
:1004100023A2E7104101FDBBEFF29FDD3971130606
:10042000C00381454800ED3BB707002083A70702C2
:100430001384A1853ED883D741804C001385A185C4
:100440003ED4938761809A239306170096A38D4725
:100450003ED08567938787B63AD63EC8EF20801294
:100460000C20AA8437A50000130545C6EF90406311
:100470002685293F0820EF20B00A093F216159BB9A
:10048000EFF27FD5411102C66317050E37A50000B4
:10049000130545C72E84EF90E0621146A2851385AF
:1004A000C184EF90406805496304050C11466C0057
:1004B0001385C184EF90206711C503C5A1858145CF
:1004C000EF20F01C1146A2851385C184EF90E067F0
:1004D0001389818411469305440013858184EF902C
:1004E000C0669389C1841146938401859305840075
:1004F00013850185EF90606503C7390083C6290025
:1005000003C6190083C5090037A50000130545C8B7
:10051000EF9000590347390083462900034619002C
:100520008345090037A500001305C5C9EF90405762
:10053000B830B42090308C2037A50000130585CB4F
:10054000EF9000567834742450344C2437A50000C2
:10055000130505CDEF90C0543838342810380C28D6
:1005600037A50000130585CEEF90805375350549FA
:100570004A85410159B9AA8537A50000130505D060
:10058000EF90005211466C001385C184EF90A05982
:10059000014979DD03C5A1858145EF20500FC9BF11
:1005A000EFF21FC51307C0033307E502B78700202A
:1005B0009387C7EB41112A84BA97D4479847CC4B0D
:1005C0009C4F3697B386F5006374D700B307B740E6
:1005D000700022853EC6EF20E05711E5700081458E
:1005E0002285EF20E021410135B1EFF27FC093F782
:1005F0004500AA842E8491C365379377840085C70C
:100600000566130686B6B385C402B7070020938734
:1006100087162685BE95EF20801937A500001305A3
:1006200045D5EF90204A9377040199C737A500007C
:100630001305C5D6EF9000491374040401C837A50B
:1006400000001305C5D7EF90E047F933E1B6EFF2AC
:100650003FBAEF206068937715002A8499C737A5C1
:100660000000130545D1EF90E0459377240099C72A
:1006700037A50000130585D2EF90C044937744005E
:1006800099CBEF204069118919C537A500001305E2
:1006900005D4EF902043418819CC0145EF20006537
:1006A000AA8519C1014591370545EF202064AA8527
:1006B00019C105451D3FB9BEEFF2FFB1DD22EF10B4
:1006C000C02C716513050520EF10403537A50000DB
:1006D0001305C5D9EF90003F83A5818037A50000A1
:1006E000130585DAEF90C03B952EAA8537A500004B
:1006F000130585DBEF90C03AEF10B062AA8537A5ED
:100700000000130585DCEF90A039EF109061ED47F4
:100710006308F50037A50000130585DDEF90803AEA
:1007200013854185EF00F02637A50000130585DE0F
:10073000EF9000378144138A4185B7A90000194919
:10074000B3079A008C23138549DF8504EF90403569
:10075000E39824FF2945EF90803BA93137A500009D
:10076000130585DFEF10D00593864185138601853B
:10077000938581841385C184EF10E0192A8439316F
:1007800019E437A50000130505E0EF90A033370505
:10079000000013050548EF102076EF00D074EF201D
:1007A000C04F65DD6D35D5BFB71702409843B7061A
:1007B000FFF041111367170098C3D84337060200B2
:1007C000758FD8C39843B706F7FEFD16758F98C38B
:1007D0009843B706FCFFFD16758F98C3D843B7063C
:1007E00001FFFD16758FD8C39843B70600ECFD16C0
:1007F000758F98C33707FF0098C723A6070202C466
:1008000002C69843C166558F98C3B7160240056764
:100810009C42F18F3EC6A24785073EC4B24781E79E
:10082000A247E397E7FEB71702409C431397E70000
:100830006357070685473EC632478547631FF7045F
:10084000B7170240D843B706C1FFFD16D8C3D84337
:10085000D8C3D84313670740D8C3D843758FD8C3CC
:10086000D843B7062900558FD8C39843B70600016F
:10087000558F98C3984393166700E3DD06FED8436F
:10088000B7160240719BD8C3D84313672700D8C35B
:100890002147DC42B18BE39EE7FE4101828002C624
:1008A00061BFB7160240D8421146318B93878180D1
:1008B0006305C70021466308C70237177A0013078C
:1008C000072098C337170240584311839376F700E7
:1008D0003707002013070700369714239843335730
:1008E000D70098C38280D842D442416649833D8B69
:1008F000F18E1306270015CF3D47630FE6024147EF
:10090000630FE602454781456313E6004146A1E2D5
:100910003747024003270780418B0DC737177A00FE
:10092000130707203306C70290C3C9DD9843058328
:1009300049BF81454946E1BF85453546C9BF814527
:100940003D46F1B737173D0013070790E1BF371554
:10095000024058559316F700585563DF060411837B
:100960003D8B9306170037177A001307072033577C
:10097000D70298C35455A182BD8A8DE295463307AC
:10098000D702058398C337170240585794433D8BCD
:10099000050733D7E60298C3984369B705456394C2
:1009A000A600E546E9BF3D456396A600D1463387DC
:1009B000E602C9BF8906E5BF3D8B930617003717CE
:1009C0007A00130707203357D702F1B701A0970128
:1009D0000020938121E517F100201301A1621795F2
:1009E00000001305254C97F5FF1F9385A56113861D
:1009F000818463FAC5008322050023A055001105F8
:100A00009105E3EAC5FE13858184977500209385DF
:100A1000A5686377B500232005001105E36DB5FED9
:100A2000FD42739002BCAD4273904280B7620000F9
:100A3000938282087390023097F2FFFF9382C25C28
:100A400093E2320073905230EFF01FD6970200000D
:100A50009382C2C67390123473002030B7F7FF1F21
:100A600003A547708280EFF2AFF885451165F52147
:100A700081451165DD216FF0EFF9411102C6B7869E
:100A800002409C4A41672E057D17F18B798D9A05AE
:100A90005D8D93F5057CC98D93E51500B707500072
:100AA0008CCAF917324705073AC6984A058B01C721
:100AB0003247E3F9E7FE3247B7075000FD1701451B
:100AC0006307F700B7870240C84B420541814101E7
:100AD00082804111B787024002C6984BC166FD165D
:100AE0002E05758D718B9A05598D93F5057CC98DF1
:100AF000D0CB93E535008CCBB7070500B786024015
:100B0000F917324705073AC6984A058B01C732479D
:100B1000E3F9E7FE3245B7070500FD173335F50069
:100B20004101828023A0A1862A878147B70810400F
:100B30001303405F130EF6FF6396C700B79702409A
:100B400088CB8280B3866702232017012A88AE965D
:100B500014C79306070163F3C701368823260701EC
:100B600085073687D1BF916623AEA1840147AA8746
:100B7000370300809386465F130E405F930EF6FFA7
:100B80006316C700B7970240C8C782803308C703FF
:100B900023A06700D4C3AA882E9823A40701138832
:100BA00007016373D701C28823A617010507C2870F
:100BB000C1BF379702401C4393E717001CC38280D4
:100BC000B7970240C8CB8280379702401C4FB706C8
:100BD0001000D58F1CCF8280EFF28FE13784024066
:100BE0001C4093E787001CC0C5371C40896693E70B
:100BF00047001CC0B7970240984F558F98CF984F29
:100C00001367270098CF6FF0EFE099C53797024040
:100C10005C4F5D8D48CF8280B7970240D84F134517
:100C2000F5FF798DC8CF8280B707014023AAA7407E
:100C300082809C4513F7070113F8F70001C7D841DC
:100C40003368E8008E2113F7F50F39C31841814648
:100C5000854E3D4F930F800293028004214E3396C0
:100C6000DE00B3F8C5006311160393982600331312
:100C70001F011343F3FF3377E300B318180133E781
:100C8000E800639FF70550C98506E39AC6FD18C1C1
:100C90001307F00F6375B70454412146854E3D4F4D
:100CA000930F800293028004414EB398CE0033F735
:100CB00015016392E8021317260001173313EF00A2
:100CC0001343F3FFB376D3003317E800D98E639D47
:100CD000F701232A15010506E319C6FD54C18280D8
:100CE000E39457FA10C94DB7E39757FE232815012F
:100CF000DDB709C9370701405C43B7068000D58FCF
:100D00005CC38280B7060140DC42370780FF7D1755
:100D1000F98FDCC28280371702405C439146B18B69
:100D20006385D700A1466382D706B7177A009387F9
:100D300007201CC1371602405C423707002013070A
:100D400007019183BD8BBA9794231C41B3D7D70079
:100D50005CC15442A1829D8ABA969422B3D6D70030
:100D600014C55442AD829D8A36971823B3D7E70045
:100D70005CC558423983937637001387C180369714
:100D80001823B3D7E7021CC982805C435843C1666D
:100D9000C983758FB7F6FF1F83A6C670BD8B890701
:100DA0001396160163480600C54601466392D702B2
:100DB000C94739A88946638FD702BD46638ED702DB
:100DC000C146638ED702C54601466393D700C1472B
:100DD0001DEF3747024003270780418B05C73717B0
:100DE0007A0013070720B307F7021CC121D61C4164
:100DF000858381B701466DBF0546B547D1BF014622
:100E0000BD47F9B737173D0013070790E9BFB7157E
:100E10000240D8559316F700D85563DF06041183B6
:100E20003D8B9306170037177A00130707203357B7
:100E3000D70218C1D455A182BD8A8DE295463307E9
:100E4000D702058318C137170240585714413D8B0C
:100E5000050733D7E60218C1184171B78545639479
:100E6000B600E546E9BFBD456396B600D146338777
:100E7000E602C9BF8906E5BF3D8B93061700371709
:100E80007A00130707203357D702F1B799C53717F0
:100E900002405C4B5D8D48CB8280B7170240D84B37
:100EA0001345F5FF798DC8CB828099C5371702406D
:100EB0001C4F5D8D08CF8280B7170240984F1345B5
:100EC000F5FF798D88CF828099C5371702405C4F36
:100ED0005D8D48CF8280B7170240D84F1345F5FF8C
:100EE000798DC8CF82809357550005476399E700F5
:100EF000B71702409C4333D5A70005898280094774
:100F00006396E700B71702409C53F5B7B717024046
:100F1000DC53D5B7371702405C5793F7F7F05D8D78
:100F200048D78280B7160240DC5645777D17F98F87
:100F30005D8DC8D6828009C9371702401C43B706A9
:100F40000010D58F1CC38280B71602409C42370721
:100F500000F07D17F98F9CC2828099C53717024037
:100F60001C575D8D08D78280B717024098571345EC
:100F7000F5FF798D88D7828037F7FF1F03274770E9
:100F80001E21914611833D8BC2077117C18363E611
:100F9000E60237370140930607C0630ED5001307FA
:100FA0000740630AE50037570140930607C0630412
:100FB000D500631AE5000967D98F37370140130759
:100FC00007C06302E50437070040630EE50213071C
:100FD0000740630AE5023717004093060780630461
:100FE000D502130707C06300E50237370140130736
:100FF0000740630AE50037570140930607C06304C2
:10100000D5006318E50093F7F7F8BA21C207C1834A
:10101000D98F37170040630CE500130707406308BA
:10102000E50093F7F7CFFA21C207C183D98F1EA13C
:10103000DE215EB59E211EB5B7370140138707C07C
:10104000630EE50093870740630AF500B757014038
:10105000138707C06304E5006314F5009C251EB9DF
:1010600085475EA982801E2189C593E717001EA1CE
:101070008280C207C183F99BC207C183CDBF5E25B1
:1010800001C6DD8D4EA5828093C5F5FFFD8DDDBFC8
:1010900093C5F5FFC205C1810EA98280EFF24F957D
:1010A0001629F577FD17F58FF621DA257971D58F99
:1010B0001EA95625FD779387379FF58FD6212A8461
:1010C0002EC6D58F9625D58FB625D58F5EA55E29E0
:1010D000C207C18393F7F7CFD98F5EA96808253976
:1010E000B747014093870780B245631EF402A257B9
:1010F0006547B387E7029841930640060A07B3D7CE
:10110000E70233D7D702B3F7D702120792079387C4
:101110002703B3D7D702BD8BD98FC207C1831EA4C3
:1011200045616FF02F8F9257E1B791C55E25096732
:10113000D98F5EA582805A25F977FD17F98FD5BF23
:1011400093F5F51F4EA182800A216D8D3335A000E5
:10115000828083A701869843634B07029843370632
:1011600000304E05518F98C39843370600804D815B
:10117000518F98C3C8C38CC737970240114650CBD4
:1011800023220700DC47054523A0F1868280014524
:10119000828037F7FF1F81471307D77E99463306B2
:1011A000F7400C223306F50085070CA2E399D7FE21
:1011B00082809387818798433A9588C38280EFF233
:1011C0008F8183C7C1869384C1861389018799C79C
:1011D00003A7818783270900636FF702138A0188B9
:1011E000AA8903550A000146FD45EFF09F8E03557D
:1011F0000A00C14513840188EFF03F889317350139
:1012000063DD07069C2091EB85479CA003A58187A1
:10121000AA99232039016FE05FFF0A2099452380B6
:10122000040023200900EFF05F859307800C63849E
:10123000F90005896DF10A200146FD45EFF07F892F
:101240000A20D945EFF07F83136605020A20420683
:101250004182D945EFF0FF870A20D945EFF0FF81A1
:101260001376F5FD0A2042064182D945EFF07F86CC
:101270000A20F945EFF07F8079BF23800400232006
:10128000090051BFEFE2DFF60145753101455931E3
:1012900005654939054545311305D003A9316DDD93
:1012A0001305C012EF00C0706FE0DFF6EFE2BFF28F
:1012B0004111854513051006CD3E0545EFF07FA38E
:1012C000371501400D446149930900104C00130586
:1012D0000540B72401402312310122C44AC6EFF071
:1012E0005F95E1774C00138504807C8222C44AC656
:1012F000EFF03F944C00138504802312310122C487
:101300004AC68569EFF0FF92938709804C001385E8
:1013100004807C8222C44AC6EFF0BF91930700404C
:101320004C00138504807C8222C44AC6EFF07F9073
:101330004C00138504802312310122C44AC6EFF009
:101340005F8F1149930700204C00138504807C8235
:1013500022C44AC6EFF0FF8D91674C0013850480CC
:101360007C8222C44AC6EFF0DF8C89674C0013856B
:1013700004807C8222C44AC6EFF0BF8B41016FE03B
:10138000DFE8EFE2FFE681450545EFF00FEFD177AB
:1013900013172501FD17635F0704378702401443C5
:1013A000F58F1CC31C439166D58F1CC3B7860240C2
:1013B0009C421375051029C5056713070780D98F4F
:1013C0009CC20547238AE186238201862386018603
:1013D00023A8018613840188EFF01F800A200146AC
:1013E000FD45EFF00FEF0A200146CD45EFF06FEE1F
:1013F0006FE05FE2B78602409842F98F9CC27DB7EA
:101400007D771307F77FF98F65BF238A0186A38A4B
:10141000018623A80186828003C7518749E3EFE252
:101420003FDD8145054513895187EFF00FE593179F
:1014300025019384018763C9070085472300F900CC
:1014400023A004006FE01FDD138401880A200146F9
:10145000FD45EFF00FE80A20C145EFF00FE21375EC
:10146000052061FD9C40154785076384E7009CC00B
:10147000D1BF0A20814523A00400EFF00FE0AA8429
:101480000A2021668145EFF0CFE4130540060D23C5
:101490000A2026868145EFF0CFE3853F65B782803D
:1014A000EFE21FD585450545EFF02FDD2A849545F0
:1014B0000545EFF08FDCAA8403D501888145EFF064
:1014C000CFDB2A89228523938186EF00E07C937706
:1014D000440089CF9317390163D3070081E4553560
:1014E0006FE05FD31374040265DCD5BF393FCDBF15
:1014F0001387818714431306803EB3D6C6029387B1
:1015000081868C436387B602EFE29FCE1843854500
:1015100005453357C70298C3EFF02FD683D76186AE
:101520006387A700C167FD176303F500953F6FE070
:101530007FCE8280EFE2DFCB138401880A20014650
:10154000FD45EFF00FD90A20F145EFF00FD3096602
:10155000498E0A2042064182F145EFF08FD70A20DA
:101560001D46FD45EFF0EFD60A20C145EFF0EFD064
:101570007D763D06698E42060A2041821366062367
:10158000C145EFF00FD56FE0FFC8EFE27FC61384CF
:101590004186042085476384F40691C489476380AB
:1015A000F40C6FE03FC701461CA0FD450545A38232
:1015B0000186EFF00FD2E1450545EFF00FCC131691
:1015C00015014582E1450545EFF0AFD08145054560
:1015D000EFF0AFCA056613060680498E42064182C7
:1015E00081450545EFF0EFCE0146FD450545EFF09D
:1015F0004FCE1146CD450545EFF0AFCD5DB7938792
:10160000518698239306170094A393078007E3FA63
:10161000E7F889470146FD4505451CA0EFF06FCB73
:10162000E1450545EFF06FC56176498E420641827E
:10163000E1450545EFF0EFC981450545EFF0EFC302
:101640007D761306F67F698E420641828145054507
:10165000EFF02FC81305C012A12EE93D99B713066C
:101660003006FD450545EFF0CFC6E5450545EFF0F1
:10167000CFC03D89E31795F21C200146FD45850743
:1016800005451CA0EFF0EFC40146ADB71387818775
:101690009387C187104394436366D604EFE25FB536
:1016A0001843290798C383C7418793F7F70F8DEB3A
:1016B00081450545EFF06FBC9317350163D90700ED
:1016C0001305C012EFF0BFAFC9356FE0BFB4931779
:1016D0002501E3CC07FE1305800CEFF05FAEF5B7F4
:1016E000253BE5B78280EFE2BFB0692BE92E0935D3
:1016F000713F6FE03FB2EFE2BFAFB786024023A871
:101700000600AA879047D8432E858145518FD04740
:10171000518FD053518FD057518FD04F518F98C286
:10172000D05F985F518FB043518FF043518FB047D6
:10173000518FF047518FB04B518FF04B518FD8C222
:10174000B84F98C6F84FD8C6B05BF857518FF05BCA
:10175000518FB0534206518F98CEF05FB85F518FD2
:10176000D8CE83A6C70803A707082166558F83A68E
:10177000470983A78709558F5D8FB797024098CF98
:10178000EFF02FB50545852405456FE0BFA8EFE2D2
:101790009FA431718545AA847165EFF02FEF8547CD
:1017A00009642390F18813040471EFF03FB01389AA
:1017B0000188EFF03FADB7990240EFF0CFAAEFF00C
:1017C0004FBF7D14420429454180DD2209C483A70F
:1017D0000900858BFDF78355090093070004370442
:1017E0002000130700084800BEC222C93ACD3ECFF0
:1017F00002C402C602C802D402D802D002DE82C8E5
:1018000082C482CA82CC82C682C082CE82D082DE6C
:1018100002C182D282D882DA82DC02C3E93DDC30A6
:10182000D820B7860240A207D98FBCC298309C202E
:10183000616522075D8FBC2085451305150CC20725
:101840005D8FBC30E207D98FFCC2B707020023A826
:1018500086109387070223A6F610EFF00FBBD93945
:1018600085450545EFF06FA12393A18629616FE0BF
:10187000DF99EFE2FF97B7970240C04B931704013F
:1018800063DC07009377040889C713050008EFF0AD
:101890002FB32165EFF0CFB29317F40063D10702A5
:1018A0009377040489C713050004EFF06FB105882E
:1018B00001C40545EFF0CFB04165EFF06FB06FE0C8
:1018C0007F95EFE2FF92E13537250020B7450020F4
:1018D0001304858A0946938545271305858AEFF009
:1018E0006FA437250020B7250020930485831D466B
:1018F0009385858C13058583EFF0EFA623A291884D
:1019000023A481880967B7E700E023A4E710A38632
:1019100007446FE03F90EFE2BF8D39719307405F5E
:101920003ECA9307405B3ECC8567938787263ECEB1
:10193000930720033ED0930730103ED2B72755407F
:1019400089073ED4B7170000938727153EDAB757AB
:101950003412938787672A8948082EC632C4B68412
:1019600002D602D802DC3EDEEF0070272A8411E99D
:101970002246B245A6864A85EF00D01B2A842685DA
:101980008937228521616FE0FF8883A7818037171F
:101990007A0013070720B3D7E70293F7F70F2387DF
:1019A000F1881307803EB387E7022396F18882808F
:1019B000B7F700E0D8438146799BD8C303C7E188D5
:1019C0003306A70290CBD4CB98431367070198C383
:1019D00098431367170298C3D843058B75DF984364
:1019E000799B98C38280B7F700E0D8438146799B02
:1019F000D8C303D7C1883306A70290CBD4CB984372
:101A00001367070198C398431367170298C3D84315
:101A1000058B75DF9843799B98C38280EFE24FFD79
:101A20002A841165011185451105EFF00FC8930750
:101A300000207C82371501408D473EC44C00E147B1
:101A4000130505803EC6EFF0CF9E22C83744014003
:101A5000B70708000C08130504803ECC02CA231EF9
:101A60000100EFF0AFE3854513050480EFF0EFEBE5
:101A700005616FE02FFAEFE20FF6B7440140AE893F
:101A80003289014493840480634524014A856FE0D0
:101A9000CFF7930500042685EFF00FEB7DD9B387D0
:101AA00089008385070026850504C205C181EFF002
:101AB0002FE9D9BF732510348280732520348280AA
:101AC000732530348280EFE2AFF283A78187411122
:101AD0003EC6EF1040241189630305149387818A61
:101AE0009843B246998E37870020032747FD058328
:101AF0006376D700324798C3EF401037EF40F0705D
:101B000083A7418C91C7EF40503819E123A2018C83
:101B10009384418A9840B247998F1307703E637649
:101B2000F700EF20002CB2479CC0938701899843AF
:101B3000B24613064006998E03C7618B3307C7026E
:101B400063E6E600324798C3EF10500AB7870020DB
:101B5000938787F9D84711CF1387018A1043B2467C
:101B6000918E1306703E6376D600B246DC4314C3F2
:101B70008297B784002083A704F4A9CB1387C18977
:101B80001C43B2461306A00F9D8EB787002083A783
:101B90000701ED83B387C70263E9F600B2471CC3B0
:101BA000938704F49C4B91C38297938781899843D0
:101BB000B246998E3D671307F7A56379D700324780
:101BC000938404F498C3DC4891C38297324593848C
:101BD0004189752C9C4032471D8FBD679387F7A5BF
:101BE00063F5E7008D2CB2479CC003C7018CBE840F
:101BF0001377F70F0DC703C7018C1377070C1DE38D
:101C0000B787002083A7870199C30545829703A75B
:101C1000818723A8E18A930700042380F18C410186
:101C20006FE04FDF03C7018C1377070415CB83A642
:101C3000018B03A781871389018B158F93064006BB
:101C4000E3FFE6FCB787002083A7870199C301451E
:101C5000829783A781872320F900930700F875BF37
:101C600003C7018C62076187E35B07FA83A6018BD8
:101C700003A78187158F93064006E3F2E6FA2380D7
:101C8000018C71BFEFE2CFD63785002013058502A6
:101C9000EF1010366FE00FD8EFE28FD5B787002036
:101CA000938787FBD8573784002088D31367470072
:101CB000D8D711899307C4FF9C4F1304C4FF01CDEB
:101CC00099C3014582975C4C99C3014582970545AC
:101CD000A5226FE02FD499C3054582975C4CF5DBB4
:101CE00005458297FDB783A74188232005009DCB3A
:101CF000944363DB0600D4479042634506029C434D
:101D000063D4070023A2D18883A741889165014647
:101D1000FD153548B7080080944363D7060019C203
:101D200023A2F18801458280944313930601634204
:101D30000304944393F606108DCE944393F6062045
:101D40008DCA9443C182ED8EF11614C16371D8021D
:101D5000944393F6060281EA19C223A2F1889C47B4
:101D60005CC105458280944393F61608F5D623207E
:101D7000050023A017010546DC4779BF03A741886A
:101D8000B706008014C3584723A2E1888280EFE29F
:101D90002FC683C7018C93F7F70F81E78547238010
:101DA000F18C03A781879387C18A09CB98C3B78732
:101DB000002083A7C70182976FE0CFC50547FDB715
:101DC000B7F7FF1F03D567701375050F8280EFE229
:101DD0002FC2B787002083A7C7010149B1C783A4D9
:101DE0000186B9C09C4003A984001384C18A63DBC7
:101DF0000702F9371440814713060008130830061C
:101E0000A168130300036304C5006312650203A7FE
:101E10008187158F6364E80063FBF8009C408607A8
:101E200085839CC0232004004A856FE0AFBE9840A4
:101E3000E35A07FE8507C1BF03A78187B787002044
:101E4000938747F388A3239107002392070098C73D
:101E5000A38007008280EFE2AFB9B784002013842B
:101E600084025C4041116C00138584023EC623222B
:101E70000400EF10C04AB2476C00138584025CC0B6
:101E80005C443EC6EF10A04941016FE0AFB8B78790
:101E90000020938747F3982319E388C782809847E7
:101EA0009306703E3307E54063F1E602EFE24FB47C
:101EB000BA2388C7914663F6E6000145B53F6FE057
:101EC0006FB50507BAA3413FDDBF8280EFE24FB295
:101ED0002A8401459537B7870020938747F311C8B7
:101EE000054798B3B7870020094723A2E7FE6FE0B4
:101EF0006FB2A3800700E5BFEFE28FAF3784002009
:101F0000130404F41C40A9E3B75700009387272B60
:101F10001CC8B75700009387C7175CC808C4B757D9
:101F2000000037850020938727F2130585025CC4E3
:101F300023220400EF304051238A018A19E18547AA
:101F40001CC071266FE00FAD0145EDBFEFE24FAA57
:101F500001113784002002C602C802CA02CC02CE98
:101F6000130404F429E5B787002003A787FB9387B0
:101F700087FB11463AC6D8439C4728083AC83ECA50
:101F8000B787002083A487049385C403EF70F03BD8
:101F90009385040411466808EF70303B1C446C00C4
:101FA000014582972322040005616FE0AFA65C40E3
:101FB000114785075CC0E399E7FE1C446C00D5B768
:101FC000EFE20FA3AA8537850020130585F5EF7092
:101FD000F04201456FE00FA4828003288503630B64
:101FE0000802EFE2EFA0FC5D014791C70507420739
:101FF00041839C43DDBF83A7050891C705074207BE
:1020000041839C43DDBF81460146814502980145DD
:102010006FE04FA00145828001458280EFE2CF9AB8
:102020005C42032A85000329C5000049AA8488234D
:102030009C33B289A2075D8DEF10D00A93556500DD
:1020400093F5C503B305B0404E85EF30D01959E57F
:10205000DC44984C03DB8900998F63E467016318C3
:102060000B004E85EF30101F05456FE06F994A9ABF
:102070004E890356A900B30A8A40832B490063F4B2
:10208000CA045686DE852285EF70302C8357A9005E
:102090009844330444413E942286B3855B013A85DB
:1020A000EF70B02A2A9403290900E31409FC4E8535
:1020B000EF30501A9C4C80C8DA979CCC9C4093E738
:1020C00047009CC055B72285DE85EF7010288357E6
:1020D000A9003E94E39957FD8044F1B7014571B7DB
:1020E00061CEEFE26F8E832BC5001C4D035B860033
:1020F000BA8AB387FB40368A32892A8463E467014F
:1021000063170B004A85EF30F0146FE06F8F1C45AA
:102110000449B289BE9B03D6A900338C9B4083AC93
:1021200049006377CC066286E6852685EF70F0214C
:1021300083D7A9001844B3847441BE942686B3851E
:102140008C013A85EF707020AA9483A90900E3946A
:1021500009FC4A85EF301010032884036305080446
:1021600083451A0083470A001448A205DD8D834782
:102170002A005A875686C207CD8F83453A002285AA
:10218000E205DD8D02981C44232C04001CC8B5BF59
:102190002685E685EF70701B83D7A900BE94E39671
:1021A00087FB04445DB7184C1C4004C85A9793E75A
:1021B000470018CC1CC091BF82801C49F1C7EFE2D8
:1021C000AF80328AAE842A8455CA832A8500584556
:1021D000835B86003289BA9AC20A93DA0A0193991C
:1021E000070193D90901338B3A410356A900420BE9
:1021F000135B0B01032C49006376CB065A86E285FC
:102200003E85EF7090140357A9001C44B3056C0180
:1022100033075741BA99C20993D909013E854E86C1
:10222000EF70B012B307350103290900E31909FA69
:10223000184C1CC852855E9718CC1840136747008D
:1022400018C0EF303001FE38184C2685B38B77412B
:102250005C44239B7403998FDEB4EF30D063014557
:102260006FD01FFA3E85E285EF70300E0357A9004C
:10227000B307E500E31A67FB1C447DB70145EDF2A7
:102280002E85EF40202AE9BF7D558280EFD25FF690
:102290002E84B7250000AA849385A51B2285EF30E4
:1022A000106FB725000022859385A5FDEF30906E55
:1022B000B72500002285054693858501EF30506ED5
:1022C0009C20014593E787009CC06FD0BFF419C9DB
:1022D0003305A040A967938787E31375F50F3E95F3
:1022E0000821828001458280EFD29FF09307C003CE
:1022F000B387F502378400201307C4EB2A89AE8424
:102300001306C00381451304C4EBBA973E85EFD092
:102310003FF1630709001306C003CA85EF70F0029E
:102320009305C003B385B402A2959C459CC9DCC942
:102330006FD05FEEEFD23FEA2A8A37850020411145
:10234000AE89B28481456146130505F436C6EFD0E7
:102350003FEDB24637840020130984FBB685194649
:102360001305C900EF70607E1146D285130584FB0A
:10237000EF70A07D1146CE8513054900EF70E07C1B
:10238000130484FBA1E0B7070001FD171CC48144BE
:1023900083C7A18B63CFF402EF10804C85475CD0DC
:1023A0001567B78700209387C7FA130707E298C31A
:1023B0001167130787A9D8C3254798C7014541016D
:1023C0006FD0BFE41146A68513058400EF70E07757
:1023D0007DBF93F5F40F0145013F850455BF1855A6
:1023E000B757341293878767631AF712EFD2BFDEAD
:1023F0001C512A842545638B07103789002013065A
:1024000040048145130589FBEFD09FE1B78400208C
:102410001306C00281451385C4FFEFD07FE0130689
:10242000C002A2851385C4FFEF7020729389C4FF98
:1024300003A749014A869387C4FF25EBA96603D702
:1024400086E1938686E1AE222E97CE22F6222E9743
:1024500036979316270163DD060AD8CBD84B9356DF
:10246000E700FD8A89EAB746F8FFFD16758FB706C3
:102470000500558FD8CBD84B93563701FD8A89EA92
:10248000B746F8FFFD16758FB7065000558FD8CBAD
:10249000D84B9316670063CA0600B70600FEFD1608
:1024A000758FB7060014558FD8CBD84B9356B7010C
:1024B00089E6B7060040558FD8CBA946238BD18A31
:1024C0008D46A38AD18A9306C012239CD18AD85301
:1024D00011E737270000130767CED8D3D44B014547
:1024E00013D7E6007D8B238DD18A930786FB98CF87
:1024F00013D736017D8B130620033307C702D8CFCD
:1025000013976600635407000947B8C36FD0FFCF25
:10251000F976FD16758F8966558F81B71305F00F13
:1025200082806D45828003C6A18BB7870020938689
:10253000C7EB01479387C7EB6317E6008147631337
:10254000F7020145828003A807036317A80009C5A5
:102550000545EDD998A1828005071377F70F93877A
:10256000C703D9BFD05A6319A60019C50545F9D9C3
:1025700093E707F89CA18280850793F7F70F93866E
:10258000C60375BFEFD23FC5378900202300050081
:1025900003C7A18B41119307C9EB81441309C9EB10
:1025A000631797001305000241016FD01FC6938780
:1025B000C70383A647FE63810618850493F4F40FCE
:1025C000C5B7B787002083A787FB6C003EC6EF30F6
:1025D000700211469305C4026800EF7000576C004A
:1025E0004E85EF3010031306C0033386C402B725AF
:1025F00000009385C5014E854A96EF3070039547DC
:10260000378500206C00232834031CD01305850275
:10261000EF00F050A6852285EFF01FCD014569B788
:1026200009476390E70AEF60F021AA896303051266
:10263000930AC4021146D6856800EF700051324AF1
:10264000370500F0EF10202D337AAA00370500E09F
:10265000EF10602C6300AA04B785002093858502E3
:102660006800EF1060731DE5B787002083A787FB24
:1026700012346C004E853EC6EF6080761DE1D68533
:1026800011466800EF70604C52306C004E85EF6070
:10269000301039A01234938581834E85EF604074E9
:1026A00001C5EFF0DFC209B71306C0033386C402C9
:1026B000B72500009385050E4E854A96EF603015CC
:1026C0003DBF0D4713051002E390E7EEEF40802178
:1026D0005C4412346C005EB9B787002083A787FB87
:1026E000AA893EC6EF30D0092A8A11C54E85EF303F
:1026F000706352857DB79305C003B385B4024E85E0
:10270000CA95EF309028B72500004E85938585FD4A
:10271000EF30B0289547A685228523283403232A45
:1027200034031CD0EFF05FBC378500206C0013052C
:102730008502EF00D03EDDB504A1DC4DC4C12E847E
:10274000E39007EE03458402EF30C07AAA89E31ACA
:1027500005E6454591BDEFD2BFA9832785084EB553
:102760002A8481C79E279D8D4EB52285EF30B012F9
:1027700009CD83476402228593E727002303F402EF
:10278000EF50505705456FD0FFA8B787002083A7AB
:10279000C700A183858BFDD783476402858BFDD35A
:1027A0008947A303F402054723A2E18CE1BF83C755
:1027B000A18B6376F5041307C0033305E502B787E1
:1027C00000209387C7EB3E95584D232C050050C53C
:1027D0000CC50CC94CC98D476313F702085905C1D4
:1027E0005A3993371600631CF700EFD27FA0931578
:1027F0000601C1814EB9EFF01FF66FD0BFA18280F4
:10280000EFD27F9D14426944CDCE23200600328A48
:102810001306C0033306C502B78400201387C4EB38
:10282000AA89AE879384C4EB3297032B8700504765
:1028300003298701404B329B63F326013689B30A93
:102840008B4063F32A0981CB3E855686A285EF70C3
:10285000C02FB30755011307C0033387E9024A9419
:10286000330464412697832A870091C72286D68540
:102870003E85EF70802D56949307C003B387F9020D
:1028800023202A01A697984FC0CB3309274123ACB8
:102890002701631809009847D8CB98CB98436D9BC4
:1028A00098C39307C003B389F9028D470144CE94BE
:1028B000D84C6318F70063160900CE248858EFF04F
:1028C0009FE922856FD07F9491C74A86A2853E8575
:1028D000EF70A0274A94E3912AFB9307C003B387C4
:1028E000F902A697804749BFEFD21F8E00422320EE
:1028F000060055C4AA876945D9C51305C003B38727
:10290000A702378500201305C5EBB78A0020814454
:10291000AA9703AB070393878AFBBC43938A8AFB7E
:10292000898B99E39304700C9307805C63F48700B0
:102930001304805C931C0401328A2E8993DC0C0101
:10294000130C800C0146E6850145EF308015AA89FD
:1029500029C948412286CA8523AE0A02EF70E01ECB
:10296000CE855A85EF300055AA8B4E85EF30800E0C
:1029700083A7CA0399CB8504C204C180EFF08FB04E
:10298000E39284FD4D456FD0BF8763D60B005E8513
:10299000EFF0FF93CDBF23208A000145EDB76945D5
:1029A000DDB74545CDB7EFD23F8200422320060078
:1029B00055C4AA876945D9C51305C003B387A702C3
:1029C000378500201305C5EBB78A00208144AA97FC
:1029D00003AB070393878AFBBC43938A8AFB898BEB
:1029E00099E39304700C9307005C63F4870013046D
:1029F000005C931C0401328A2E8993DC0C01130CB9
:102A0000800C0146E6850145EF30A009AA8929C955
:102A100048412286CA8523AE0A02EF700013CE8594
:102A20005A85EF60C055AA8B4E85EF30A00283A770
:102A3000CA0399CB8504C204C180EFF0AFA4E3922E
:102A400084FD4D456FD0CFFB63D60B005E85EFF064
:102A50001F88CDBF23208A000145EDB76945DDB74A
:102A60004545CDB7EFD24FF6832906002320060057
:102A7000638E090CAA872E8B6945A1C11305C0037B
:102A8000B387A702378500201305C5EB378A0020DE
:102A9000B28B930A900C8144114C130ACAFFFD5C5F
:102AA000AA9703A90703FD1AC20A93DA0A016398D9
:102AB0000A0083A70B00C9CB01456FD06FF48327B1
:102AC000090163978709EFF0EF9B0357690719E343
:102AD0004545E5B783270A01858B99E3E36A37FF0C
:102AE00003244A00637387003A8463F389004E84A9
:102AF000131604014182854691E38146DA854A85B1
:102B0000EF505015AA844A858DE4EF50B01E83A77C
:102B10000B00B3898940AA84A29723A0FB00229BC3
:102B2000E38C09F883270A01858BB5FFEFF02FFAB4
:102B300069B763999401EF50F01B83270A01858BD5
:102B4000BDF379B7EF50101B2685CDB76945B5B7F2
:102B50005D45A5B79307C003B307F502378700208B
:102B60001307C7EBBA9703A8070215476307E800E6
:102B7000DD47232006003E858280EFD26FE7D84FE5
:102B80008D476318F700EFF0FFEDAA873E856FD001
:102B90006FE801E7EFF05FD5CDBF89469307A00F3F
:102BA000E316D7FEEFF03FE0CDB7EFD26FE4A147D9
:102BB000AA840021638AF50263ECB700854763812C
:102BC000F502894713642400638EF5006FD08FE40B
:102BD000C147638EF5009307000413640404EDB746
:102BE0001364140080C0DDB713648400E5BF485946
:102BF0001364040165D9EF30F012EDB7EFD2AFDD09
:102C000041119305F100AA89A3070100EFF0BF91DC
:102C100015C5848793978401E18763D40702130461
:102C2000C00393F4F407B3848402378400201304B0
:102C3000C4EB2694232A04022320040241016FD00E
:102C4000CFDC83C7A18BE3FBF4FE1307C0033387FC
:102C5000E402B78700201384C7EB1389C7EB3A94CB
:102C6000544C0D47E39CE6FC83A709010547DD179B
:102C700093F7F70F636EF700C1452285EFF0FFF27F
:102C80009307C003B384F402CA9423A804026DB767
:102C90001C2093E707041CC0E5B73787002083C6D4
:102CA000A18B1307C7EB8147638FF6001307C70398
:102CB000032647FC11CEB7870020938787FBD857A0
:102CC00013670701D8D7B787002003C547FE828066
:102CD000850793F7F70FC9BFEFD28FD1EFF0FFFB56
:102CE000B787002023A207FE6FD0CFD283C7A18B66
:102CF0006371F5029307C0033305F502B78700201F
:102D00009387C7EBAA9798431375F70F118B98C356
:102D1000828001458280B787002003C587FD8280BD
:102D200083C7A18B6377F506EFD28FCC1304C00362
:102D300033058502378400201304C4EB41112A9423
:102D400004585D4585CC185095476319F7025C54CB
:102D5000232A0402B72600003EC652309386C628B6
:102D60006C002685EF30F03B2A8901CD2685EF30B7
:102D7000607B4A8523200402EFF06FD541016FD0BC
:102D80006FC983C76402014593F7F7FB2383F402FD
:102D9000F5B769458280EFD2AFC51304C003330491
:102DA0008502378500201305C5EBDD442A940858B9
:102DB00001CD1850954781446318F700EF608025D6
:102DC000232804022320040226856FD0AFC4EFD24B
:102DD0002FC21304C0033304850237850020130576
:102DE000C5EBDD442A94085801CD1850954781441D
:102DF0006318F700EF30000D23280402232004029B
:102E000026856FD02FC1EFD20FBD9307C003B30744
:102E1000F502378400209309C4EB2A894111130479
:102E2000C4EB8144BE9903A5490301C92EC6EF3006
:102E3000606FB245AA8423A009029307C003330937
:102E4000F9024A94085801CD99EDEF30A06DAA849B
:102E500019E5185095476314F70099471CD026854B
:102E600041016FD08FBA1849A947630EF700854713
:102E70006396F5008545EF301009D5B7894763960D
:102E8000F5008145CDBFC954D9BFD954C9BF03C7C7
:102E9000A18B637BE5041307C003B307E502378703
:102EA00000201307C7EB9546BA9790535D47631E02
:102EB000D602EFD2EFB3DC4F09476397E700EFF09C
:102EC0009FED6205618531A00D47639AE700EFF041
:102ED0009FF3EFF0CFBF2A873A856FD0AFB3654736
:102EE000E5FFEFF0DFEEF1BF69473A858280B787F3
:102EF000002003A50701358105898280B78700205E
:102F0000938787FB05474111C8CB94DBD0DB8CDF6F
:102F1000D8D741018280B7870020054723AAE7FE62
:102F20008280EFD2EFACB787002003A6870083A68C
:102F30004181131786016187630C051483C7818C57
:102F4000614889483388070336980323C800631112
:102F500013150343150083480500032808002203C6
:102F60003363130183482500C20833E368008348B4
:102F70003500E208B3E86800639C0811E207E187C6
:102F80003E856FD02FA9B3885702B69803AEC8000C
:102F9000631A060763180E061398870113588841B1
:102FA0008507C207C183E3E0C7FE6317060193F8F4
:102FB0001500FD57E38608FC8989FD57F1F1931749
:102FC0000801636BC800931703016367C300FD57D3
:102FD000E378C7FA93170701C18361473387E70294
:102FE000BA9623A6060001CD103118212206598E6B
:102FF00038214207598E38316207518F98C2239881
:1030000006000DA863147E040DC9834E1500034EFF
:103010000500A20EB3EECE01034E2500420EB36EA4
:10302000DE01034E3500620E336EDE0183AE080012
:103030006315DE012384F18C91B783D80801E3E1A5
:10304000E8F7139787016187468F99BFE31A8EF4DB
:1030500015C5834E1500034E0500A20EB3EECE013A
:10306000034E2500420EB36EDE01034E3500620EA4
:10307000336EDE0183AE0800E30EDEFB83D8080169
:10308000E3E0F8F31393870113538341C68F09BF1D
:103090003A883A83814F014F8147E1428543094491
:1030A00019B7EFD24F9398319C21368A22075D8F52
:1030B000BC215441C2075D8FBC31E207D98F639BAD
:1030C000F60089E6D9573E856FD02F940545EFE08D
:1030D000FFDFCDBFE5DB2E842A89AA852285B28950
:1030E000EF00904B65F11C300420370500F0A2077B
:1030F000C58F2420C204C58F2430E204DD8CEF008C
:103100009001E98C370500E0EF00F000E38CA4FAB1
:10311000D2852285EFF0FFE0AA87E34605FAE14772
:10312000B307F50203A541813E9589475CC5232A73
:103130002501938759001307950094237D1714B335
:103140009386F7FF6396F900231805008147A5BF12
:10315000B687E5B721CDEFD2AF89C4412A84DC34EC
:10316000C824A2075D8DEF000077A1679387071041
:10317000938524016304F5009385E400D835DC25AC
:1031800022075D8FFC25C2075D8FFC35E207D98FD2
:103190005840B98F1844F98F81EB8146138664003B
:1031A000B1052285EFF0FFEF6FD0CF8682806307F5
:1031B0000516EFD24F823A26930790024111B28949
:1031C0002E8AAA8463E8E7004E85EF20B00841010B
:1031D0006FD0AF83032946008347D9000345C90058
:1031E00013042901A2075D8DEF00E06EA1679387AC
:1031F00007106304F5001304E900834A14001C203F
:103200000545A20AB3EAFA00EF00E06CE39EAAFAD1
:10321000834A54005C2013054060A20AB3EAFA0016
:10322000EF00606BE392AAFA834A34003C20056504
:10323000A20A13050580B3EAFA00EF00C069E3951E
:10324000AAF8930AE4001146D6856800EF60F00FF3
:10325000D44013068400ADC2183C1C2C22075D8F9D
:103260003C2CC2075D8F3C3CE207D98F6396F60485
:1032700085466C002685EFF0DFE2054B7C30682048
:10328000A2075D8D892D8547630FF5028947E31DF0
:10329000F5F26C002685EF10D048B787002003A711
:1032A00007F4E30307F2938707F4DC47E38E07F0A4
:1032B0006C002685829709BF81466C002685EFF059
:1032C0005FDE014B65BFE3010BF00945292568A0CE
:1032D000218168B01146D68513058401EF60F006A0
:1032E0001146938544005685EF6030063504150974
:1032F0009547FD5618207D197D1438B4A300E900C8
:103300003307FA001823FD1718B0A303E900E3936D
:10331000D7FE9C4CCE85268582977DB58280EFC2F4
:103320009FEB2A89AE8901469305A0020D45EF2047
:1033300040777D544DC94041AA840545692B48A872
:10334000218148B89306E9029307540015479385F5
:103350000183138681827D5503C80600FD17FD1683
:10336000A38B07013388E50003480800A380070307
:103370003308E600034808007D17A380070103C84F
:103380001600A3830701E319A7FC11469305490022
:103390001305C401EF60607BCE85114613056402FE
:1033A000EF60A07A0545052B68A48569218168B482
:1033B000138509800D2308A8218108B813054060F2
:1033C000192B28A8218128B81385698029238327F0
:1033D000890148A4218148B4A6854A8582972A8418
:1033E0002685EF20206722856FC03FE2EFC2DFDD38
:1033F000B784002001449384C4FFE14A894B054C03
:10340000930CF00FDC446364F4006FC07FDF33097A
:1034100054039389418183A50900CA959E29D84503
:103420008507C207C1839EA9631A770103D7818BE1
:1034300063FCE70005041374F40FE9B7E31C87FF8E
:1034400003C7518B6375F70023A60500E5B7C8498C
:10345000EFF0FFEC83C7518BE39E97FD83A7090034
:10346000CA9723980700F9B7EFC2FFD62E844111FF
:103470002A89AA852285B289EF00101209C55955FB
:1034800041016FC09FD81C300420370500F0A2070F
:10349000C58F2420C204C58F2430E204DD8CA52909
:1034A000E98C370500E08529E38BA4FC18301C204B
:1034B00022075D8F3C20C2075D8F3C30E207D98F29
:1034C000DDDF85452285EFF0DFA5E34B05FAE14717
:1034D000B304F50283A74181138A4181A697D84797
:1034E00011C77D55639B0902814A31A00547D8C7A2
:1034F00023AA2701854AEFF01FA2A2854A85EFF093
:103500001FE201ED83270A000547A697D44763967B
:10351000E60063940A002398070083270A00A69711
:10352000D84785476316F7002AC6EFF0DF9E32457D
:10353000E38809F483270A000947A697D447E39153
:10354000E6F403A44900138797001306E9029306E3
:1035500054008D070C237D17FD168CB20C227D16AE
:10356000ECB2E319F7FE056513050580AD26832748
:10357000890148A4218148B4CE854A85829709B73C
:10358000EFC27FC5AE8441112A89B94526853284B0
:10359000EF206045631E0510CA852285EF00C07FBD
:1035A000631505101C3083490400370500F0A2079D
:1035B000B3E7370183492400C209B3E7F90083491F
:1035C0003400E209B3E9F900B926B3F9A9003705D7
:1035D00000E091261020143038203C30639CA9086C
:1035E00013958600518D4207598DE20785456C84FD
:1035F0005D8D9305E0054C85392E41811375F507E6
:10360000C88508301C2022055D8D3C20C207C98F6B
:10361000283062055D8D01262181488608301C20F6
:1036200022055D8D3C20C207C98F283062055D8D63
:10363000DD24C8863400C04095477D5613075400EA
:10364000B385F6008C217D170CB3B305F90083C553
:103650009502FD176CB3E395C7FE0565130505805C
:103660009D2C8327890148A4218148B4A6854A85D9
:1036700082970DA8A206D18E4207558FE207D98FF7
:1036800003274900B98F03278900F98F99C783273A
:10369000C900715581CB1304C9002686A2854A85CD
:1036A000EFF09FDC41016FC05FB69386818261B706
:1036B0007955CDBFEFC2DFB344412A842E89DC3473
:1036C000C824A2075D8D012CA1679387071063179B
:1036D000F5009C388828A2075D8DF52A93070580A0
:1036E00091CB8567938767806302F5042285EF207D
:1036F000603615A8A2854A85EFF0DFA5DC34C82422
:10370000A2075D8DC92AA16793870710B945631386
:10371000F500C945B305B0402285EF20C02C79F5EE
:10372000CA852285A92401456FC0DFAE2286930594
:1037300099024A85EFF0BFA7FDB7EFC27FABB7870D
:103740000020938787F55CD193075006A309F50203
:103750009307E006230AF502B7370000938707585E
:103760005CC9B73700009387E7791CCDB785002087
:1037700099472A842304F502232E050019469385D0
:10378000150513059502EF60403C9307C05D1EB818
:10379000930730032309F40201456FC0BFA7EFC2AE
:1037A0003FA5B1642E8493841435EFF0CFD61189F0
:1037B00015CDFD1485CCEFE08FE12A897DD5AA8750
:1037C000814401E8CA852685EFE06FDC01456FC0C2
:1037D0007FA432244C403E85EF6020373A240040DD
:1037E000BA94C204B307E500C180E1BF5155C5B723
:1037F000EFC27F9EB787002083A70702AA8913859F
:10380000C18C9384C18C82978C40A9C983C7018CD9
:103810001384C18C93F7F70F81E785472380F18CE0
:10382000C2050D46C1810D454440EF2080272A89FD
:1038300015C52A8432244840A685EF6000313E2415
:103840000040BE9465F8EFE06FD383A70901CE85F1
:103850004A85829701C54A85EF20C01F6FC0FF9A35
:10386000EFC21F9941113784002002C202C402C670
:10387000EF10B04B13058402B785002019469385DD
:1038800045FC13059502EF60402CB787002003A785
:1038900087FB938787FB130584023AC29847DC4372
:1038A0003AC43EC623AC018E23AA018EEF20000F3E
:1038B00037380000B7370000740030004C001308A0
:1038C000486B9387A773014713058402EF20E00339
:1038D00041016FC03F949317850021815D8D4205A2
:1038E000418182809317850021815D8D4205418150
:1038F00082801357850193178501D98FB706FF0082
:1039000013178500758FD98F4167130707F0218141
:10391000798D5D8D8280EFC2BF8DEFF09FFD6FC00E
:103920007F8FEFC2FF8C03A4818FAA8401EC03A5D3
:10393000418F11C5EF20A00A19C103A4418F228530
:103940006FC05F8D2285EF20800905C198309C20D3
:1039500022075D8FBC20C2075D8FBC30E207D98F84
:103960005840B98F1844F98FF9DB0040C1B7EFC256
:10397000BF854041AA84AE891C300820A2075D8D16
:10398000EFF05FF631814205418191476306F50012
:103990002685EF20200C31A41C300820A2075D8D65
:1039A000EFF05FF419813C30137AC5032820A20799
:1039B0005D8DEFF03FF3BE242A89E3EB47FD9E24A3
:1039C000E3E8A7FCD2852285EF50703171F1CA85FA
:1039D0002685EF200021370500F0EFF0DFF33705F3
:1039E00000E0EFF05FF34E89054B930B04014A852D
:1039F000EF10F07E11E563130B12032909000DA2ED
:103A000093074900EDDB83264900F5D618381C28BA
:103A100022075D8F3C28C2075D8F3C38E207D98FB3
:103A20006382F604CA855E85852E0DED1C38834AB7
:103A30000401370500F0A207B3E75701834A2401C8
:103A4000C20AB3E7FA00834A3401E20AB3EAFA0091
:103A5000EFF07FECB3FAAA00370500E0EFF0BFEB20
:103A6000E39BAAF858345C2422075D8F7C24C207AC
:103A70005D8F7C34E207D98FB9C3CE851305C400AE
:103A8000212EE31705F05C34034AC400370500F02B
:103A9000A207B3E74701034AE400420AB367FA000A
:103AA000034AF400620A336AFA00EFF0DFE6337A81
:103AB000AA00370500E0EFF01FE6E30BAAECE309EC
:103AC00009EC03497400682022093369A9001165D3
:103AD0007D15EFF05FE03375A90011C52685ED2651
:103AE000AA8461C14041CE852685EF20202A55E970
:103AF0001C340824A2075D8DEFF0DFDE1375F50F8F
:103B000099476303F50AC5476309F50885476312BA
:103B1000F50ACE852685EF50805C61A003A9818FD0
:103B20006314390103290900014BE31209EC1C3429
:103B30000824A2075D8DEFF0FFDA1375F50FC54776
:103B4000631EF500B3074401A823BC33A2075D8DB3
:103B5000EFF05FD993074004630DF502854A1C34EA
:103B60000824A2075D8DEFF0FFD71375F50FC54749
:103B70006319F508229A83473A0003452A00A207F1
:103B80005D8DEFF03FD69307C076631CF5064E8936
:103B90003DB7E39809F2814AD9B7CE852685EF5023
:103BA000A00001456FC0CFE5CE852685EF3090148B
:103BB000CDBFCE8513050401C522E31B05DC1C38EF
:103BC00003490401370500F0A207B3E727010349C1
:103BD00024014209B367F9000349340162093369DA
:103BE000F900EFF05FD33379A900370500E0EFF07B
:103BF0009FD2E30FA9D8C0C089452685EF50207316
:103C000041BBE3910AE669B3EFC20FDCAA8942899E
:103C1000630F0612AE8AD1453A8AB284B68B3E8BC8
:103C2000EF10705C79576311051203A44900A20BD1
:103C30001C340824A2075D8DEFF0DFCA1375F50F61
:103C400033657501EFF03FC91357850018B408A418
:103C5000EFF05FC92181420541812205336565018D
:103C600042054181EFF03FC798309C2008A422070D
:103C70005D8FBC20218108B4C2075D8FBC30116507
:103C800013050550E207D98F13D787001CA818B871
:103C900013D70701E1833CB838A83365AA00EFF0D9
:103CA0009FC308A0218108B003D58900138A418DE4
:103CB000EFF07FC228A0218128B003550A0023031A
:103CC0000400A3030400EFF01FC183570A0048A0BB
:103CD0002181850748B02310FA0063810A0203C7D7
:103CE0001A0083C70A0022075D8F83C72A00C20714
:103CF0005D8F83C73A00E207D98F99E71307490020
:103D0000814719C38327490013D787005CA458B49F
:103D100013D70701E18378A47CB423050400A3052D
:103D20000400D1452285EF50807B28A4218128B44E
:103D30008357090385C303D7890063FDE7002686FF
:103D4000CA854E8585232A873A856FC06FCB44414B
:103D5000C104F9BF832749012686CE854A8582970B
:103D6000DDB7EFC2EFC801112A8432852ECE36CCE2
:103D70003ACA3EC832C6EFF0DFBA09CDC247524751
:103D8000E2463246F2452A882285EFF0FFE70561D8
:103D90006FC04FC87155E5BF18311C2122075D8FD8
:103DA0003C21C2075D8F3C31E207D98F9386F7FF34
:103DB00075576366D70203C725030145098B0DC3F9
:103DC000D841630FF70094453D8F758F11EB13C5F4
:103DD000F6FFE98F3385A74013351500828005452E
:103DE0008280EFC26FBE03A4818DC544014B13894D
:103DF000818D19E06FC0CFC0FD1493F4F40FFDD88E
:103E00007C3C032C040091C7FD177CBC228B628490
:103E1000CDB783294400814A03A549005C3158216C
:103E2000A207D98F85EF18311C21514622075D8FDB
:103E30003C2193058400C2075D8F3C31E207D98F96
:103E40005CC0EF50905085454E85EF50804F4E85B9
:103E5000EF10B05EAA8A4E85EF10D03F8329440050
:103E600063960902032709001C40631CE404232015
:103E7000F900A2851545EF1090191387618D1E2357
:103E80005A84B38A57412310570149B703A7490001
:103E90004E851C33034A0700A207B3E74701034AD4
:103EA0002700420AB367FA00034A3700620A336AFE
:103EB000FA00EF109058AA9A4E85EF10B039D289C7
:103EC00045B72320FB0075B7EFC20FB044412A89E4
:103ED0009C308820A2075D8DEFF0DFA0198113755B
:103EE000C503D1476312F526FC30E820A2075D8D9B
:103EF000EFF05F9FBC302A8BA820A2075D8DEFF00A
:103F00007F9E9C30AA8C8820A2075D8DEFF09F9D3C
:103F10002A8C4A85EF107052B787002083A7C7000C
:103F200003D7618D2A8D8D832A97FD8B9389618DAF
:103F300063ECE72003A4818D814A138A818D1DE8FB
:103F40001545EF10D00A2A8463000520714681458B
:103F500013054400EFC0CFAC8D477CBC83270A001B
:103F600023208A001CC05146A68513058400EF500B
:103F7000D03D95ACD834DC2422075D8FFC24C207E9
:103F80005D8FFC34E207D98F58486316F7029838E2
:103F90009C2822075D8FBC28C2075D8FBC38E207D2
:103FA000D98F184C6319F700DC30D4205A24A207AB
:103FB000D58F6306F720A28A004051B7CC4203C8D0
:103FC000550003C34500220833686800637C060D72
:103FD00093D5860094A38CB393D50601E182ACA35C
:103FE000B4B3630E072A74336C23A206CD8E6364C8
:103FF000D6146362A814935689002300270114B3D2
:10400000935609011359890134A3A3012701782C80
:10401000014B058B630F0718638D08185840444304
:10402000D830D4202207558F63150718943398236E
:10403000A206D98EB8234207D98EB8336207558FAE
:1040400061E75E2C03C904005146D1075EAC9C3089
:10405000930584002685A207B3E7270103C924003E
:104060004209B367F90003C9340062093369F900F2
:10407000EF50B02D4A2CEFF01F86A8A02181A8B0E8
:1040800023830400A383040023850400A385040084
:10409000D1452685EF50A044A8A42181A8B4032BC4
:1040A0004400D5A063090609F43103C36500A206E4
:1040B000B3E666006361D60801CB74237833220728
:1040C000558F6303E8008148983194212207558F6A
:1040D000B421C206558FB431E206D98E2E8765AA67
:1040E000935689002300270114B3935609011359ED
:1040F000890134A3A3012701742378332207558F44
:10410000E307E6F0814821B75443EC23F833DC326F
:10411000D0222207A2074D8FD18F631AF7029C325B
:104120009822A207D98FB8224207D98FB8326207E6
:104130005D8FB68731B74A85EF10303083D70900DD
:104140003385A7402390A9004A85EF10B010014B9A
:104150008DA0B1554A8583244900EF10D008CA8547
:104160005A85EF10502F9C3003C90400A207B3E713
:10417000270103C924004209B367F90003C93400C9
:1041800062093369F900E31609FC03270A001C40A1
:104190006314E4022320FA00A2851545EF1020677E
:1041A0005A85EF10902983D709003385A7402390C3
:1041B000A9005A856FC0CF8423A0FA00F1BFFC305C
:1041C000E820896BA2075D8DEFF0CFF1FD1B337501
:1041D00075014205418101E96A24EFF0AFF03375C2
:1041E0007501E31205D883D709003E9D2390A901EC
:1041F000FC30E820A2075D8DEFF0CFEE931725018C
:1042000063C2070213153B017C2C4D810E05135C24
:104210006C006695137CCC0393E71700330585414A
:104220007CAC4AAC83244900BC30A820A2075D8D39
:10423000EFF04FEB9C302A8B8820A2075D8DEFF0CA
:104240006FEAFC30AA8BE820A20793DB6B005D8D40
:10425000EFF04FE94E054D81131635003305CB00C5
:1042600013FBCB03832749003305654142051357F0
:10427000860041815440D8B313578500F8B323809A
:104280000700A380070023810700A3810700D0A3B4
:10429000E8A385480147E39306D2E31307E423220A
:1042A0002401B5B3EFB2DFF1032C4500011132CA8E
:1042B00003477C00AA8D03456C00220783DB0503BE
:1042C000598DAE8CEFF00FE28966B377D500138A73
:1042D000CBFEA146334ADA0283D48D0009677D17ED
:1042E0003EC63379E500B1144209C20413590901ED
:1042F000C1800144514D3ACC420A135A0A01931627
:104300003A0093970601C1833EC89387DBFE3ECEF9
:1043100089E4014505616FB07FEEE247A68A337BF1
:10432000F900B24733EB6701F24763C6F400C24AB3
:104330008967336BFB000146D1450945EF10607674
:10434000AA8939C948415146E285EF50100003A6B9
:104350004D0083AB49006A9623A2CD0003D6AD0081
:10436000B306A6412395DD00568D63090D0403D4E1
:10437000AD0063738D006A844204418001E483AD23
:104380000D00E5B7814509460D45EF108071AA85FE
:1043900011E54E85EF10006C7D55ADBF03A64D00B5
:1043A00002A522A550C14E85EF10F00AB3068D403C
:1043B000139D0601135D0D01E3130DFC5A85EFF00B
:1043C0008FD12383AB002181A383AB0013854A01E6
:1043D00042054181EFF02FD02381AB002181A381E1
:1043E000AB00D14523850B00A3850B005E85EF5004
:1043F000000F03A74C0152462385AB002181A38502
:10440000AB00CE8566850297B384544152994E85A0
:10441000C2044209EF100064C18013590901228DC2
:10442000C5BD3C296389B700B78700202CA9A30923
:10443000050023A207F482805E2D184DB306F70015
:104440002388B60E938627008507C207C18356AD21
:10445000BA972388C70E82805A2D1C4D93061700E9
:1044600056ADBA972388B70E82805E2D184D13D6AD
:104470008500B306F7002388C60E938627008507BC
:10448000C207C18356ADBA972388B70E82805E2DCE
:10449000184D13D68501B306F7002388C60E938600
:1044A0001700C206C182BA9613D605012388C60E2C
:1044B00093862700C206C182BA9613D68500238848
:1044C000C60E938647008D07C207C18356ADBA97C3
:1044D0002388B70E828015C15E2D184D1306300457
:1044E0009386170056ADBA97FD562388D70E5E2DDA
:1044F0006376F60093F6370091E282809386170088
:1045000056ADBA972388070EDDB7544589C6835840
:1045100005016396080801473A8582806314C8073D
:10452000138727004207418336978D071023C20760
:10453000C18363F817013387F60003480700E31FC0
:1045400068FC014771DA854714456311F6069386C6
:10455000C6061305000881471308F00F3387F600DD
:104560001023E30A06FBE309B6FA13871700420794
:104570004183369718230907BA97C207C183E3EF2F
:10458000A7FC51BFE30AB8F813871700420741831D
:10459000369718238907BA97C207C18359BF814745
:1045A00001461303F00F130E400361B7894793864A
:1045B000C6021305000CE310F6FA1305000461BFF0
:1045C0001C21139787011C31C207D98F383128214C
:1045D000D98F22055D8D828063020518EFB25FC11D
:1045E0000451DD57638904162A8901469305401357
:1045F0000145EF10004BC8C82A87FD57630D05140D
:10460000BC3899EFBC280546638CC700F11793F7B7
:10461000F70F6377F60083A70181850723A8F18050
:10462000404303A50181854780CC88C01CA01CB0F5
:1046300099473CA0A3010400EFF0AFAB935785006E
:1046400048A05CB09357050161817CA068B0804CA4
:10465000294723040400A304040023050400A30540
:10466000040023060400A306040023070400A30794
:104670000400BC286388E700F11793F7F70F05479C
:10468000636EF700834749005CA4834759005CB41C
:10469000834769007CA4834779007CB42308040025
:1046A000A308040023090400A3090400230A04004A
:1046B000A30A0400230B0400A30B0400230C040032
:1046C000A30C0400230D0400A30D040083458902FC
:1046D0008147414613970701418381466376B700BE
:1046E0003307F900834697023307F40054AF850778
:1046F000E392C7FE1307C4029307C4062300070012
:104700000507E39DE7FE1307C40E23800700850716
:10471000E39DE7FE3755826313053536EFF06F9D55
:10472000935785002306A40EA306F40E904C9357CE
:10473000050161812307F40EA307A40E239E040044
:10474000814713074004B306F6002388F60E850759
:10475000E39BE7FE81473E856FB0DFABD9573E85CF
:10476000828019CDEFB2DFA8005109C8484819C1AD
:10477000EF10402E232A0400232C04006FB09FA9C1
:104780008280EFB25FA50051AA8491452285EFF0A7
:104790005FC92685EFF05FE4AA8925E10546930508
:1047A00050032285EFF05FC98D452285EFF0DFCA07
:1047B0000946930590032285EFF01FC88E382285A5
:1047C000EFF0BFCA03A94402631109062285EFF086
:1047D0009FD04E2C48489385050FC205C181EF102C
:1047E00040404C4848402687930630041386C183D6
:1047F000EF40A0682685EFF0DFF63C3825478507B7
:1048000093F7F70F3CB86365F7041307803EB3874F
:10481000E702C207C1831307007D9387F77CB3C704
:10482000E7024E857EAC6FB05F9E4A85EF50003E3A
:104830001376F50FB1452285EFF01FC083050900FF
:10484000D1D593F5F50F22850509EFF0FFC0FDB72F
:10485000896793870771C1B7EFB2FF9703C7918349
:1048600083C78183005122075D8F83C7A183AA84F8
:104870009945C2075D8F83C7B1832285E207D98F2F
:104880001CD4EFF01FBA2685EFF01FD52A8941E925
:104890000546930550032285EFF01FBA8545228512
:1048A000EFF09FBB0946930590032285EFF0DFB838
:1048B0008E382285EFF07FBB114693057003228569
:1048C000EFF09FB785452285EFF01FB98D45228512
:1048D000EFF09FB8F1452285EFF01FB8994522858A
:1048E000EFF09FB72285EFF01FBF4E2C484893850D
:1048F000050FC205C181EF10C02E4C48484083A966
:10490000440023A204002687930630041386C18343
:10491000EF40A056268523A23401EFF09FE43C38F7
:10492000850713F7F70F38B8954763E2E702930757
:10493000803EB397E700C207C1831307007D9387CA
:10494000F77CB3C7E7024A857EAC6FB01F8CBD67AA
:10495000938707A6DDB7EFB21F880051AA8485456B
:104960002285EFF01FAC2685EFF01FC72A89631759
:10497000050C0546930550032285EFF0FFAB8D45EE
:104980002285EFF07FAD0946930590032285EFF075
:10499000BFAA8E382285EFF05FAD11469305200344
:1049A0002285EFF07FA90854EFE0FFF6AA85228563
:1049B000EFF0FFAD1146930560032285EFF0DFA70E
:1049C0004850EFE05FF5AA852285EFF05FAC114615
:1049D000930570032285EFF03FA685452285EFF011
:1049E000BFA78D452285EFF03FA7F1452285EFF067
:1049F000BFA699452285EFF03FA683A9440263979D
:104A000009062285EFF03FAD4E2C48489385050FEF
:104A1000C205C181EF10E01C4C48484083A9440006
:104A200023A204002687930630041386C183EF4037
:104A3000C044268523A23401EFF0BFD23C3885075D
:104A400013F7F70F38B8954763E5E7049307803EFF
:104A5000B397E700C207C1831307007D9387F77CF4
:104A6000B3C7E7024A857EAC6FB02FFA4E85EF5090
:104A7000E0191376F50FB1452285EFF0FF9B838592
:104A80000900C1D193F5F50F22858509EFF0DF9C70
:104A9000FDB7BD67938707A6C1B7EFB26FF50051A9
:104AA000AA84A1452285EFF0DF9701469305840291
:104AB0002685EFE07F9B3C3885073CB885477EAC78
:104AC0006FB04FF563010516EFB2EFF000514111E1
:104AD000630404123C447D576381E702F9073707FA
:104AE0003C0063FEE7101307C003B3D7E702139738
:104AF00007014183638807101AB07C447D576381A6
:104B0000E702F90737073C0063F1E7101307C0031A
:104B1000B3D7E702139707014183638B070E3AB0BF
:104B20005C54AA843EC489EF0145EFE0DFDE1357F1
:104B300085016342050E370500FFEFE09FDB2AC4C5
:104B40001C583EC699EB1C5422470545F98F3EC6BA
:104B5000EFE03FDAB2475D8D2AC6930584022685D1
:104B6000EF00704C8347840237890020832A89FB39
:104B7000230CF9FA83479402930989FB2C00A38044
:104B8000F9008347A4022685032A84022381F900C1
:104B90008347B402130989FBA381F900EF00505E3B
:104BA00083A78900224785496316F700B3095A4154
:104BB000B3393001A2476C0026852324F900EF00A9
:104BC000705A3247832749006303F7008549B2478B
:104BD00026852322F900EF00D05C2285A945EFF05D
:104BE0005F846395090083C7418B99E70145EFD046
:104BF000EFB58547238AF18A41016FB00FE1416724
:104C00007D17DDBD85471EB0CDBD41677D1701BF56
:104C100085473EB031B79307F00B130500F0E3EE84
:104C2000E7F0417519BF8280EFB28FDC2A84084516
:104C300009C5EF00F01423240400484419C5EF000F
:104C4000301423260400231804006FB0AFDCEFB249
:104C50008FD83A269307B002328A045163FDE706E3
:104C60005C42094794236398E606034685022A8935
:104C700001479376F70F63E6C604C833D8232205AD
:104C8000598DF8234207498FE8336205598DEFE0CB
:104C90009FC89C406311F5042685EFF0FFF803558B
:104CA0008A009307000F63F0A704130505F142057E
:104CB00041818AA8EF00B021C8C415E523980400FB
:104CC00019A8B306E9000507B385E70083C6960275
:104CD000AC3DE380D5FA2685EFF01FF55285EF0055
:104CE00070576FB08FD21305000FEF00501E88C4AD
:104CF000AA8501E9C84465D1EF00900823A6040005
:104D000075BF81461306000F5285EF108001CC4419
:104D100099C592289306000F5285EF1080009305E5
:104D200050032685EFF06FFE5DD53C211547639358
:104D3000E714BC2805476393E7120324090293058F
:104D400030032326040223280402232A0402228596
:104D5000EFF0AFFB09C50905EFF09F8668C093052A
:104D6000A0032285EFF06FFA5DC90905EFF05F85BA
:104D700028C49305B0032285EFF02FF945C5090536
:104D8000EFF01F84144468C481471387060119CBD0
:104D9000983A9C2A22075D8FBC2AC2075D8FBC3AD5
:104DA000E207D98F1CD485452285EFF00FF619C58F
:104DB0000905EFF0FF80EFE0DFB348D48D45228591
:104DC000EFF0AFF419C50905EFF08FFFEFE07FB208
:104DD00008D8F1452285EFF04FF319C50905EFF02A
:104DE0002FFEEFE01FB148D899452285EFF0EFF193
:104DF000AA8A05C11C31094789836367F7021CDC55
:104E000081491C5C63E4F902938581834E85EF0040
:104E1000006E239F04004A85EFF03FC86DBD6840D7
:104E20000581B9B76840B9BF18DCD9BF139529000F
:104E300009055695EFF0CFF8EFE0BFAB9387C900B7
:104E40009385F9008A07A2978A05C8C7A2954E855F
:104E50008509EF00C06993F9F90F65B7F51793F766
:104E6000F70F0947E369F7E6239F04004A85EFF04F
:104E70007FC595B51947639BE704B8288946930712
:104E8000D7FF93F7F70F63F5F6008547E315F7E4CF
:104E90004A85239F040083290902EF00303393855C
:104EA00081834A85EF003018938581834A85EF001E
:104EB000702B938581834A85EF00902C4E85B145F8
:104EC000EFF02FD64A85EFF03F9931B58946E3944C
:104ED000D7E0BC28E391E7E003240902239F040004
:104EE000930560032285EFF04FE2E30605DE090536
:104EF000EFF00FEDEFE0FF9F144448D08147138798
:104F0000060119CB983A9C2A22075D8FBC2AC2075A
:104F10005D8FBC3AE207D98F1CD44A85EFF0BFA35E
:104F20005DBB63010518EFB2AFAC0051630A041614
:104F30003828A1476316F71698319C2122075D8F08
:104F4000BC21C2075D8FBC31E207D98F1854639929
:104F5000E714AA84B1452285EFF0AFCC2685EFF0A7
:104F6000AFE7631A05120546930550032285EFF05B
:104F7000AFCC91452285EFF02FCE1146930520034B
:104F80002285EFF06FCB0854EFE0FF98AA852285C9
:104F9000EFF0EFCF1146930560032285EFF0CFC904
:104FA0004850EFE05F97AA852285EFF04FCE1D466F
:104FB0009305D0032285EFF02FC85E2C184C0546D0
:104FC0002285B306F7002388C60E13862700420603
:104FD000418252AC9386170083C59402C206C182F7
:104FE000BA962388B60E93863700C206C18256ACA5
:104FF00083C5A4023A96BA962308B60E13864700D4
:105000004206418252AC83C5B4023A962388B60E5A
:1050100093865700C206C18256AC83C5C402BA96B5
:105020002308B60E138667004206418252AC83C540
:10503000D4029D0732972388B60E5EAC83C7E40284
:105040002308F70EEFF02FC94E2C48489385050F23
:10505000C205C181EF00F038034784021C4C4C4864
:105060004840D8A70347940203A94400D8B7034790
:10507000A402930630041386C183F8A70347B40241
:10508000F8B723A204002687EF30305F268523A2DD
:105090002401EFF00FED3C3885073CB885477EAC26
:1050A0006FB04F978280EFB20F930051AA8495455D
:1050B0002285EFF00FB72685EFF00FD2AA8925E100
:1050C0000546930550032285EFF00FB78D452285E5
:1050D000EFF08FB80946930590032285EFF0CFB526
:1050E0008E382285EFF06FB803A9440263110906D8
:1050F0002285EFF04FBE4E2C48489385050FC20520
:10510000C181EF00102E4C4848402687930630049A
:1051100013064402EF3070562685EFF08FE43C38DA
:105120002547850793F7F70F3CB86365F704130726
:10513000007DB387E702C207C1831307007D938711
:10514000F77CB3C7E7024E857EAC6FB00F8C4A8503
:10515000EF40D02B1376F50FB1452285EFF0CFADA0
:1051600083050900D1D593F5F50F22850509EFF0E8
:10517000AFAEFDB79567938707E2C1B7EFB24F8730
:1051800003A4818F8544294919E06FB0AF881C5072
:105190008DC3BA339306F7FFB6B3631E9700BC2BDB
:1051A00013F7B70F63049700639527012285EFF08B
:1051B0004FDD0040D1BF9A339306F7FF96B3E31A51
:1051C00097FEBC2B13F7B70F63049700E39327FFF9
:1051D0002285EFF05FEDF1BFEFB28F810051AA841D
:1051E000B5452285EFF0EFA326852322040223266E
:1051F000040223240402232A04022328040223266F
:1052000004042324040423220404232C0402EFF0C6
:10521000AFBC2A8931E10546930550032285EFF0A2
:10522000AFA19D452285EFF02FA32285EFF0AFAA15
:105230004E2C48489385050FC205C181EF00701AB6
:105240004C48484026879306300413064402EF304A
:10525000D0422685EFF0EFD03C382547850793F7FD
:10526000F70F3CB86363F7041307803EB387E70288
:10527000C207C1831307007D9387F77CB3C7E7029A
:1052800026857EACEF008074938581832685612B13
:10529000938581832685EF00E06C26859385818345
:1052A000EF00006E4A856FA0FFF68967938707714C
:1052B000D1B7EFA27FF183A4818F096A0549314BF1
:1052C0009549994BA14A130A0A7199E06FA05FF3BF
:1052D000805011C47E2C6376F900FD177EAC8440AB
:1052E000EDB7E39E27FF3C28231F0400638467017A
:1052F000639677012685EFF02FD609A863922703DE
:105300003C38268563EAF904EFF0EFE40545EFC089
:10531000FFC39C50FA2FE3F4E9FC239F3701C1B788
:10532000639C57013C3826856365F900EFF0EFF682
:10533000F1BFEFF02FF9D9BF639637012685EFF063
:105340009FD6E9B71147639CE7003C38268563E5A3
:10535000FA00EFF00FC35DBFEFF01FE861BF0D472C
:10536000E396E7FA3C38E367F9F822858D45EFF0DC
:105370004F8B2685EFF04FA635E905469305500380
:105380002285EFF06F8B8D452285EFF0EF8C09467B
:10539000930590032285EFF02F8A93050024228540
:1053A000EFF0AF8C1146930520032285EFF0CF88F4
:1053B0000854EFE04FD6AA852285EFF04F8D228565
:1053C000EFF06F914E2C48489385050FC205C181BF
:1053D000EF0030014C48484026879306300413867E
:1053E000C183EF3090292685EFF0AFB73C38A54652
:1053F0005287850793F7F70F3CB863E9F600130768
:10540000803EB387E7021397070141839307F77C38
:105410001307007DB3C7E7027EACCDBDEFA25FDD11
:10542000834725030451DD9B2309F50281CC2A849F
:10543000C84009C5EF30103E23A20400268589220A
:10544000232004026FA01FDD4DC1EFA27FDA834746
:1054500025031A390451DD9B2309F5029307F02334
:1054600063E5E7007D556FA0FFDA2A8495E4130514
:105470000005B12CAA847DD508D01306000581450E
:105480002685EFA0FFD9EF30F03BC8C019E926858B
:10549000C52823200402F9B7C84065D1EF30903702
:1054A000E9BF1306400493858183EF307013C84031
:1054B0001306300493858183EF30902DC840B75593
:1054C000000022869385E5C4EF3070342285EFF02A
:1054D000AFB809C52285EFF07FF469B7834724038D
:1054E00093E787002309F402BDBF595582808547A1
:1054F00063ECA70283A7C18D85CB9DC598319C2104
:1055000022075D8FBC21C2075D8FBC31E207D98FB6
:1055100081CFEFA2FFCD9387018E0A0511463E95FC
:10552000EF40A0626FA01FCF8280EFA27FCC112836
:10553000BD24B787002083A707FA91C382976FA085
:105540007FCD375700201307F730719B23A6E18EDC
:10555000B787002083A74700231107008D07F19B21
:1055600093960701C182BA9716A32302070023A8C6
:10557000F18E0546D0A396A3B6A323A4E18E828024
:1055800049C183A7C18E636EF50683A5018F637A37
:10559000B50683A6818E130685FF230E05FE1387AD
:1055A000818E6373D60010C3835685FFBE96630455
:1055B000D60203C8460063100802638ED5000C4370
:1055C0006393B60010C38E22231CB5FE9622B3054A
:1055D000F640BE96AEA28355A5FFB386B700630220
:1055E000D60203C84600631E0800032807006313A1
:1055F000060114C3035785FF9AA2035785FFBA9784
:10560000AEA382808D05C205C181F199C205C18119
:105610003147AE8763F3E500B147378700200326A3
:105620004700C207C1830D06719A6360F60A03A79B
:10563000C18E636DE50883A6018F6379D508930653
:1056400085FF835885FF998EC206C182938588FFA6
:10565000958DC205C18163EAF5066389F5063303BA
:1056600017010348430063140802938586001388DA
:10567000818EAE97032E0800C207C18383580300B2
:10568000B305F70063166E022320B80015A0138837
:10569000470163ED050393858600AE971388818EDD
:1056A000C20703230800C183B305F700E3EE65FCDE
:1056B00023901501B6A123820500231CF5FE962137
:1056C0006306D60036973EA382800145828039C5A5
:1056D0001307350042074183719B42074183B1465E
:1056E000BA876373D700B147378700200326470086
:1056F000C207C1830D06719A01456362F60203A7D2
:10570000818E83AEC18E9385818E3303F640B306BE
:10571000D741C206C182615E63E4660001458280B2
:105720003385DE00034845008358050063170806EB
:105730003308DE4046986362F806138347016362CC
:105740006804A107B697C207C1833388FE002310FF
:1057500018012311D8002302080085461EA154A178
:10576000835608006304D600F696BEA26319A7000C
:1057700083A6018F8147502301EE91C398C1210573
:10578000828085475CA1DDB71A2385477697E5B708
:10579000E39CE6FEEDD794C1DDB7C686B5BF83A511
:1057A000818183A6C181B76700209387F757378728
:1057B0000020F19B130707061385060103D8050097
:1057C0002320070001466318C800890611078905D0
:1057D000E396A6FE8280832807000506420623A0E2
:1057E000170183D806001CC34182C697E9BF9D47B5
:1057F00063EDA700B78700200A0593870706AA97DD
:10580000884309C5184198C382800145828099C99F
:105810009317250037850020130505063E951C418A
:105820009CC10CC18280EFA21F9B98319C21AA844D
:1058300022075D8FBC212E84C2075D8FBC31E20739
:10584000D98F5841639FE70018301C2022075D8FD5
:105850003C20C2075D8F3C30E207D98FDCC06FA0CF
:10586000DF9A03A5419001499309400605C11841FB
:10587000DC40032AC5006311F7048545EF00B068DA
:105880009307190093F7F70F63F7290383A7C190D4
:10589000C5DF984319CFD440631DD70014301820BA
:1058A000A206D98E38204207D98E38306207558F2C
:1058B00098C3DC47F1BF3E8952854DBFEFA25F938D
:1058C000411132C636C42A84EFF0FFF53246A246B3
:1058D000814719CA18321C2222075D8F3C22C20759
:1058E0005D8F3C32E207D98F1CC4814799CA983238
:1058F0009C2222075D8FBC22C2075D8FBC32E2076B
:10590000D98F5CC441016FA0FF90EFA27F8E58CD6C
:105910001387C18F834807004111232205002324E8
:105920000500232605002309050223200502138311
:105930001800A30A1503232805012A843EC6230064
:105940006700EFF0BFF7B2472285829711E993878E
:10595000818F984318C080C3228541016FA09F8B1F
:105960000144DDBF814799C998319C2122075D8F91
:10597000BC21C2075D8FBC31E207D98F5CC5828034
:10598000814799C998319C2122075D8FBC21C207AC
:105990005D8FBC31E207D98F1CC5828023AAA18EFE
:1059A00082808347250313F7170005E313E71700E9
:1059B0002309E50293F7070289CBEFA27F839305C2
:1059C0004500EFD0DF956FA0FF84828083472503D9
:1059D00013F7170001C7F99B2309F50282800345DD
:1059E000250305898280AA870145A5C5BDC31396F5
:1059F00005014182328863DB05003308C040BA27C5
:105A0000420813580801054563650705D427D843A4
:105A100081C60D456391A6020D8F9386070105454A
:105A20006369D702D8C3BA2701453297BAA79A2724
:105A30003A9692A78280FD16C206C1828548054526
:105A400063E9D80063D70500B62763E406010D8F2C
:105A5000D1BF8280EFA22FF801440DCDAA85014469
:105A60000D498549FE25FD17C207C183FEA59DE3AB
:105A7000DC2584411D4563882701FD17C207C183CA
:105A800063EDF9001945EFF09FD805041374F40F86
:105A9000A685E9F822856FA04FF72E85EFF05FAE5F
:105AA000EDB7EFA24FF38547630DF50031C5894788
:105AB0006306F5048D476305F504014422856FA054
:105AC000CFF48144D104B904C204C1808947B289AA
:105AD0002E8963E9C70279CA1945EFF05FD12A849C
:105AE00069DD232205002314250123152501232028
:105AF000050023063501B5A0D144E9B78144E1B7DB
:105B00008144E9B78D470144E31AF6FA1D45EFF0E9
:105B10001FCE2A845DD1B3079500CD07F19B37874F
:105B200000205CC19307C7FFDC438D04F198938785
:105B30009703F19B2306350123200500231425013B
:105B4000B38497409309C7FF63739900CA8485475C
:105B500026A47EA4B30499400D4A2289854A63474E
:105B6000900085477EA4A306040089BF1D45EFF081
:105B70001FC809E52285EFF0FFED81B783A7490033
:105B800023164501232005002320A90093879703AE
:105B900006A5F19B63F3F400A687130705013EA554
:105BA00058C1231755019D8C2A8955BF938735000D
:105BB00013853401F19B71993E9542054181EFF0C7
:105BC0001FB12A84E30B05EEAA94CD04F19844C1D9
:105BD0002314250123152501232005002306050094
:105BE00049B71E2563FAF504EFA28FE02A84AE843C
:105BF000B387F5402E2463E995025C2481EF638B23
:105C000095004C402285818DA695C205C181EFF09B
:105C10007F9F2A84084026A406A419C1EFF09FE3C1
:105C2000232004006FA00FDF1A248D8CC2043E973E
:105C30001AA4C18000407DBF8280814719E13E8562
:105C40008280850793F7F70F0841CDBF01C57E25F8
:105C500085077EA5828009CD99E182803A859E25BF
:105C600016251841B697C207C1831EA565FB0CC156
:105C70008280EFA2EFD72E84EFF0FFFD2285EFF0B8
:105C8000FFFC6FA02FD93DCDEFA2EFD42A84AE84C4
:105C90005955ADC51A249E256362F7060149014A8C
:105CA0008359A400BE24B3894941B387274163C9FE
:105CB000F904939907014840CC4093D909015295C2
:105CC000CA954E86EF3070684E9A3E24420A4E992D
:105CD0004209135A0A01135909016394470100400C
:105CE000014ABE246365F900844099CC0149BA2475
:105CF0009E246316F7029C409DC35D556FA0EFD0B4
:105D0000C20955BF5955828009C801493A241E2449
:105D10006314F7001C40F5F3C1F40145C5B77DF4E9
:105D200041B7EFA24FCB014409C92E8A014491C566
:105D30002A89B28499C06315090022856FA0EFCC2F
:105D40008355A90089CA63E8B6008D8EC206C18258
:105D500003290900C5B7958DC205C181A68963F3E2
:105D60009500AE8983254900C20993D90901B695EA
:105D700033058A004E864E94B3843441EF30F05C94
:105D80004204C2044180C1808146D9B7EFA2AFC4AA
:105D900003294500AA898347990003458900014AE0
:105DA000A2075D8DEFD01FB4937AF50F03A4019085
:105DB00031099384019001E401456FA00FC51C28AF
:105DC0000145639457035C488DC3084CCA864E86D0
:105DD000A285829719C963080A005C442326FA0049
:105DE0009C4080C05CC4054581495C44228A71F5B1
:105DF0003E84D1B7814799C998319C2122075D8F94
:105E0000BC21C2075D8FBC31E207D98F1CC101459F
:105E10008280814799C998319C2122075D8FBC21DE
:105E2000C2075D8FBC31E207D98F5CC1014582801A
:105E30004CC910CD8280EFA20FBAAE842A89D14519
:105E40002685B289EFF03FBA15C90146814505455F
:105E5000EFF03FC52A8409E57D594A856FA0EFBA66
:105E6000A685EFF01FE14E85EFD0BFAB19ED71595C
:105E7000E30594FE2285EFF0FFBDC5B7B155268539
:105E8000EFF07FB671F92684F9BFCA856305090072
:105E90008327090099E393054500834709010347D8
:105EA000A9008346B9002A884E862285EFD0DFD527
:105EB0002A897DBFEFA2CFB313064500EFF0BFF7ED
:105EC0006FA04FB5EFA2CFB2138701901C43AA85F4
:105ED0006390A7025C451CC30145EFF05F936FA080
:105EE0006FB3D84709C76314B700D845D8C7DC4794
:105EF000EDFBDDB7EFA2CFAFAA840145EFF03F8FF6
:105F00002A8411CD71468145EFA08FB1930700F827
:105F10003CB493870190984304A880C358C4228559
:105F20006FA04FAF83A6419003A6C19183A5C190F6
:105F300003D541829387418213071500131507018A
:105F4000131807014181635308000565368719E777
:105F5000328719EB2E8719EF8AA382800358C70175
:105F6000E30CA8FC5847E5B70358C701E306A8FCB3
:105F70005847C5B70358C701E300A8FC5847E1BF1D
:105F80001C4963960710EFA20FA54111AA84328421
:105F900011E62EC6EFF01FF9B2452A8403A7C1907F
:105FA00031E703A7419025EB83A981901389819064
:105FB0004E8759E783A7C191CDEB85C198319C21CC
:105FC00022075D8FBC21C2075D8FBC31E207D98FEC
:105FD00089C711462685EF305037C2AC23A634015D
:105FE00023209900014541016FA02FA25E2F6392EB
:105FF0008702104359CED1CD94319C21A206DD8E6B
:10600000BC21C207DD8EBC31E207D58FD9C3630244
:10601000F608584771B75E2F63928702104335CA5E
:10602000ADC994319C21A206DD8EBC21C207DD8E54
:10603000BC31E207D58FB1CF630DF6045847A5B741
:106040005E2F63928702104329C6A1C594319C211B
:10605000A206DD8EBC21C207DD8EBC31E207D58FE2
:106060008DCB6308F6025847A9B7DA2F631F870064
:1060700094319821A206D98EB8214207D98EB83121
:106080006207558F94436386E600DC4735B74D556C
:106090008280555589BFAA870358C5021459D23B3F
:1060A0000C5583D807043305D84005822E953287D6
:1060B00063F3C8004687420741833307E5406345E1
:1060C00007002397070382803387D5406356E0009B
:1060D00023970702014582808D8EF6B7E5BFEFA2B8
:1060E0002F915E352A84BE95C2055E39C1814EB5B9
:1060F00063F3B7005EB52285EFF0FFF95E38898360
:10610000634BF50083476402228593E7270023034E
:10611000F402EF20203E6FA0EF8FEFA26F8D4111B0
:10612000014409CDAA854841014411C52EC6EFF0AE
:106130007F92B2452A841145EFF06FED228541012F
:106140006FA04F8DEFA2CF8A014401E522856FA099
:106150006F8C0441EFF07FFC2A941374F40F2685B2
:10616000EDB7EFA2EF8841112AC61145EFF02FE8F5
:106170002A8401C9B2455146EF30301D4840EFF046
:10618000FFAC228541016FA0EF880CCD82802328CF
:10619000B50882802326B5088280232EB508828028
:1061A000232CB508A30EC50282801C4905476374E1
:1061B000F70429476381E704EFA28F832A8403252C
:1061C000850809C5EFF01F89232404080325440826
:1061D000FD577EBCEFF01FF7685C23220408EFF048
:1061E0007FF603250408EFF0FFF5232E0406232095
:1061F00004086FA02F828280EF929FFCB78400205A
:10620000938784FB1387019103CC87011C43A96A00
:10621000850703AD41901CC313096006014A9384AE
:1062200084FB13840191938941908D4C938A8AE673
:10623000138B0184631A0D0003A4C1919384C1914F
:10624000631904246F909FFB7D191379F90FE30BF9
:1062500009FE03462D0583260D01854D6302CC0200
:10626000834D0D0B63840D100327CD0AB306BB01CC
:1062700083C6F6FF05072326ED0A637CD70C814D04
:1062800003270D019946631DD70003268D03144093
:10629000918E904C6376D60093871D0093FDF70F87
:1062A00083568D00814BA18A95CE91466305D70018
:1062B0009D466319D70283284D0A83268D0A03253C
:1062C0000D0ACC4CB386D802104003278D03198EDB
:1062D000AA96B3D6B60263FCC61093871D0093FD41
:1062E000F70F854B03254D0805C103278D03144087
:1062F0001946998E03170D053307C70263E6E600BA
:10630000EFF05FE423220D0803270D0163149711BA
:1063100083268D031840158F944C63E8E61063962E
:106320000D108347CD030347DD03850793F7F70F70
:10633000230EFD0263EBE70083278D09230E0D0278
:10634000639207146A85EF20E01A6A8A032DCD0054
:10635000D5B523260D0A19476366B70193871D003B
:106360002308FD0A6A85EF20007711BF0317ED03AC
:10637000634507000507231FED0203270D08E3000F
:1063800007F08315ED0303170D05E35AB7EE63F429
:10639000DC020317CD048316ED04B1470D87369751
:1063A0009376F60F63F3C700B146D696942233175F
:1063B000D7002318ED048356AD0503574D06231F60
:1063C0000D0263F3E60036874207418383560D04CE
:1063D0000583231EED046376D70013971600231E52
:1063E000ED04231DDD046A85EF20C05751BD03472E
:1063F0001D0B814B330717032A973357B702E373FB
:10640000C7EE6A85EF20406703471D0B0507A30809
:10641000ED0AC9BDA546E314D7F003278D03144048
:10642000998E984C0607E37CD7EE6A85EFC00FFD86
:106430006A85EFF09FD78327CD0063020A042326E5
:10644000FA008327CD0989C703258D01ED55829771
:10645000638F0B0083574D020357CD0183258D02B7
:1064600003250D0693064D006A86EF20203F832BFF
:10647000CD00EA850945EFF08FB95E8D65BB23A09D
:10648000F900C1B703258D01EA858297E30C05EA7F
:106490006DBD2285EFC08FF62285EFF01FD1032955
:1064A000C400A285094523A024014A84EFF02FB639
:1064B00041BBEF92FFD31C412E846390B704DC45AF
:1064C0001CC1232604002285EFF03FCE1C4829473B
:1064D0006381E7020547638EE7008347640213F791
:1064E000170001CB93E727002303F4022285EF2056
:1064F0006000232804006F90FFD123ACF190814607
:106500001387819189E7D5DE232007005DBFD0473F
:106510006317860091C21CC35844D8C75DB785462F
:10652000B287CDB71C491D476365F70AEF925FCC70
:1065300029678A07130787E4BA979C432A848287CE
:10654000EFC0CFEB138781901C43639987005C44B5
:106550001CC323260400A28509453DA823ACF19065
:1065600081461387819189E7EDD623200700D5B7AF
:10657000D0476317860091C21CC35844D8C7D1BF07
:106580008546B287CDB7EFC06FE7A2851385C1906E
:10659000EFF03FF2A2850D45EFF06FA7014531A85E
:1065A000EFC0CFE5A28513854190EFF09FF065B76E
:1065B0008545EF10D068954701C96F90BFC58545E7
:1065C000EF10F0677DF9A5471CC82285EF10907287
:1065D000F1B701458280EF92BFC141112E8511CEE6
:1065E0000E2632C6EFF0BFAF32463285EFF08FC6CF
:1065F00081473E8541016F90FFC18147FDFAEFF071
:106600007FF2AA87FDB7EF92BFBE03A44190930427
:10661000500619E06F901FC00326840819CA83270B
:1066200004098146A2858DCF084C829719E1232465
:106630000408FD1493F4F40FF1DC8347640213F7AC
:10664000170009CF93E727002303F4022285EF10F8
:10665000706A83476402F19B2303F402404455BFF0
:106660000145EFF05FF7D9B7EF929FB8EFF0BFF9B0
:10667000138741911C23850793F7F70F1CA3858B84
:1066800099C3EFF07FB76F90FFB8EF927FB603A486
:10669000419093045006014901E44A856F909FB7E9
:1066A0000326840819CA832704098146A285B1C735
:1066B000084C829719E123240408FD1493F4F40F85
:1066C000E9DC8347740285CB0347640293761700A5
:1066D0009DC2FD1793F7F70FA303F4029DE3136721
:1066E00027002303E4022285EF10D0608347640271
:1066F000F19B2303F402404445B70145EFF0BFEDA1
:1067000055BF0509CDBFEF923FAC1849A9474111CC
:106710002A84631EF700AA851385C191EFF07FD903
:10672000A2850945EFF0AF8E41016F907FAD1C410E
:106730002E8B032905063EC65C4183298502035A38
:10674000C5013EC4835A45028324C509832B8501B4
:10675000EFC0CFCA13854190A285EFF09FD50325E6
:10676000040819C1EFF01F9E685C19C1EFF09F9DEE
:106770000325440819C1EFF0FF9CA2850945EFF0FD
:106780000F8981C4ED555E858294E30F0BF8D6879F
:10679000528734007000CE854A85EF20200C69B7FF
:1067A00093870182884303A701913A9588C3828029
:1067B000EF927FA22A890945EFF06F83B78400200A
:1067C0009384C4FF2A8425E19C488983858B89E7CB
:1067D000014422856F907FA383A7C19103A60191F5
:1067E0000145814693890191F1E701C58545EFF0A7
:1067F0009FF10945EFE0BFFF2A8415E583A741908B
:1068000003A509007D191379F90F1306F0078145D7
:10681000DDEB09C485452285EFF0FFEE0945EFE089
:106820001FFD2A8455D51306400B81452285EF9024
:106830003F9F930700045CA89C44231C0406130795
:106840008021231BF4065E385EB47EB4E1773EA45B
:10685000DC406374F700930780212310F404C167C0
:106860007D577CC485472318F4047ABC231DF404A7
:10687000EFF01FF383A7019168D428D01CDCB76721
:1068800000009387675D2328F408B787002003A7DB
:10689000C7FA9387C7FA68C82320E40AD8439C47FD
:1068A00028D8230E04022322E40A2324F40AA3088E
:1068B000040A05B7985F3307E6406364D700BA86D9
:1068C0003E85DC4715B7D42B636CD900636AD600CC
:1068D000985F3307E5406365B7003686BA853E8426
:1068E000DC473DB7EF92DF9013050004EFF05FEC5B
:1068F0006F905F92EF92DF8F2A842E85EFD06F82A8
:1069000011CD1E3981CF938787FD3E87C207C18392
:106910006373F400228713140701418022856F906E
:106920007F8FEF925F8B1849CD5445EBAE89DD54D4
:10693000CDC52A84B284110511463689EF30E02096
:106940005E2C46B081E7EFF0EFDD4AACEFF05FE59B
:106950005E3828D07D155EB47EB42312F406B78766
:10696000002068C828D803A5070023240402232890
:1069700004029307802163F4A700130580214205D8
:1069800041812310A404CE85EFF0DFF68547231D57
:10699000F404A9472310A4043305F502894713879B
:1069A00081901CC81C43232A2409231EA404639934
:1069B00087025C441CC3938741909843894680C3F7
:1069C00058C485470147014681452285EF10A062E2
:1069D000AA8401E52285EF10F03126856F90FF82B1
:1069E00023ACF19081461387819189E7E9D6232072
:1069F0000700D1B7D0476317860091C21CC3584423
:106A0000D8C755BF8546B287CDB7EF926FFE03A4B6
:106A1000C1919384C19119E06F90CFFF2285EFC09F
:106A2000EF9D2285EFF06FF80329C400A285094588
:106A300023A024014A84EFE09FDDF1BFEF92AFF97C
:106A40001C49AA842E8AC827DC37A2075D8DEFC0B7
:106A50007FE9058929E94169130909FC03270A012E
:106A600003A64193DE2454334C23B297A206D58D5E
:106A70007423C206CD8E6C33E205D58D8356CA00D1
:106A8000AE96B386D74063D506028D8F6359F0006A
:106A9000918DC205C840C181CEA4EFF08F9423A090
:106AA00044016F908FF65285EFF0CFE9014AC5BFE0
:106AB0005C374827A2075D8DEFC0DFE2058915CD61
:106AC0009C48C037C8272204498C4A85EFC0BFE0E4
:106AD0009C48698CC827DC37A2075D8DEFC09FE01A
:106AE0001375E50313651500EFC0FFDE9C48418D6B
:106AF00042054181C8A72181C8B703240A005285F5
:106B0000EFF0AFE145D4228A91BFEF92EFEB83C75C
:106B100041922A84C18B93894193F1C783A50900CF
:106B200038558356450670553305B74083A7019203
:106B300093840192634405026316B7003307F6405D
:106B4000634E0700631EF60203A5C1937835034820
:106B5000E50022073367070163F4E60203A5C1934A
:106B600078350348E5002CD4220733670701231248
:106B7000E4067CD411C70347040B19C32308040A95
:106B80006C483387B7406342E02E03D70194231A41
:106B900004066319072C035744066854B2962A97D3
:106BA0006312D72C0317E403634E072A639CF52A6C
:106BB000834784050D47850793F7F70F230CF404EB
:106BC000637CF7280357A40583570404BA97C207C8
:106BD000C1836374F700231DF4047C5C639F073A50
:106BE0007040631A064403D6019483A70900145425
:106BF000138A0194E3000604B385F6401387F5FF7A
:106C0000634B074A05471D8F118F36976345E04A4E
:106C10003789002093070908C4431397050141836E
:106C2000BE241309090863D3B7489E24998FC2076D
:106C3000C183BA246346B746B305B040C205C185D7
:106C40002685EFE05FDADC408356C90003A7090020
:106C50002324F9001C5436971D8F2316E9000327BF
:106C6000090193D6870023A0F9005CA354B393D6FF
:106C70000701E18374A37CB383A609001854B3878A
:106C8000E64063C90700523493871600998F918FAD
:106C90006350F044B787002083A70709C827DC3773
:106CA000A2075D8DEFC01FC40589630105781854E4
:106CB00083A70900631CF776B7840020938A040831
:106CC00083A70A0103D9CA0093840408C827DC37C4
:106CD000A2075D8DEFC01FC10D893335A0002A9931
:106CE00083A70A0142091359090123102A01C82761
:106CF000DC37A2075D8DEFC0FFBE0589631C053E32
:106D00005E3463F0270B9C48C827DC37A2075D8DF3
:106D1000EFC05FBD058931C19C4803C9D700C827B2
:106D200022093369A9004165130505FCEFC0BFBA0C
:106D30009C483379A900C827DC37A2075D8DEFC0D6
:106D40007FBA1375E503EFC01FB99C483365A900EE
:106D500042054181C8A72181C8B75E34DEA49C48A2
:106D6000C827DC37A2075D8DEFC0DFB7098901C5F1
:106D7000DE24FD17DEA4CE24C840EFE09FE69C4849
:106D800003D9C400C827DC37A2075D8DEFC09FB5CB
:106D90000D893335A0002A9942091359090123109E
:106DA0002A0183274408638407369C48C827DC37B8
:106DB000A2075D8DEFC01FB3058963170534032B50
:106DC0004408C16B938B0BFC03A5090003570A0011
:106DD0002A9763000B0803260B014C325422A205AC
:106DE000D58D7422C206D58D7432E206CD8E8355C0
:106DF000CB00B695B305B74063D20536158F635AFD
:106E0000E00483274408984B5C335423A207D58FB2
:106E1000898FDEA49C48C827DC37A2075D8DEFC0B0
:106E20007FAC098901C5DE24FD17DEA4CE24C8404D
:106E3000EFE03FDB9C4883DAC400C827DC37A207B9
:106E40005D8DEFC03FAA0D893335A000AA9A2310AB
:106E50005A012322640965ACE391E7D82285EF103B
:106E6000903BA5BB230C04048DBB3450B386D740A4
:106E70006342D0128346640213F6460001CAED9ABB
:106E80002303D4028356C405231DD4048316C404EB
:106E90000356E40442078D86B2962318D404835621
:106EA00064074183231AE4063697231BE406184837
:106EB0007CC823090404230C04048D4763F1E70212
:106EC0000357A4058356C405835704046376D70289
:106ED000BA97C207C1836374F700231DF4048327A4
:106EE000040885E383270408230E040293B71700E0
:106EF000B307F0407EBCD5B1B387F702B3C7E70252
:106F0000C1BF984B48335C2322055D8D7C23C207AB
:106F1000C98F683362055D8DEFC0FF9F832704082A
:106F20002A8903DAC7009C4BC827DC37A2075D8D8E
:106F3000EFC05F9B9C400D893335A000529533090B
:106F4000F9404A95E340A0FA032904088327090081
:106F50002320F4088357440785C383270901C827E2
:106F6000DC37A2075D8DEFC0FF97058911C58357F8
:106F70004407FD17231AF40603254900EFE0FFCB71
:106F8000835784073385A740231CA4064A85EFF066
:106F9000CF98B1B7231A040689B1984B03A904000E
:106FA00048335C2322055D8D7C23C207C98F68337B
:106FB00062055D8DEFC03F967C5CAA8A330959411A
:106FC00003DAC7009C4BC827DC37A2075D8DEFC0F2
:106FD0007F910D893335A00052953309A940E341D3
:106FE00009C09C403850998FE34CF0BE0329C40778
:106FF000832709007CDC8357440785C38327090165
:10700000C827DC37A2075D8DEFC0DF8D058911C56C
:1070100083574407FD17231AF40603254900EFE0C0
:10702000DFC1835784073385A740231CA4064A8504
:10703000EFF0AF8E5DB63C449840998FE3D507BA28
:107040008316C40403D70191420693D5364041828A
:10705000C205C181B307C7408D8FC207C183139595
:107060000701B697C207C18741852316F404635709
:107070000500198E2E961315060141858316E4042A
:107080008D872322040413D726403387E6402A97AE
:1070900042074183BA972317E4042318F404A1B6E6
:1070A0009EA423950400998D844061B63307E04087
:1070B0009315070169B6958FE3D007BC8347640237
:1070C000228593E727002303F402EF10A0426DB658
:1070D000E384E6BE2285EF10E03A832444086394FB
:1070E000041E3785002013050508EFF08F87232243
:1070F000A408C1AA7D1942091359090111B11C4103
:107100002322F408EFF06F81032544086DF903A7EB
:10711000090083570A002285BA971CD45E3433894C
:10712000274123162403EFE01FF7DC409A2709C705
:1071300023A6F19223A204009C48C827DC37A207AB
:107140005D8DEFC02FFA058919C5938701939823A8
:107150001367070298A3914A1D4B39AA5C3648264B
:10716000A2075D8DEFC00FF8058935C59C48C8277B
:10717000DC37A2075D8DEFC0EFF6098929ED9C4849
:1071800083CAD700C827A20AB3EAAA005E85EFC067
:107190008FF49C48B3FAAA00C827DC37A2075D8D9C
:1071A000EFC04FF41375E50313651500EFC0AFF2A0
:1071B00033E5AA009C484205418113578500C8A7C2
:1071C000D8B783DAC400EFC0EFF10D893335A000E2
:1071D000AA9A23105A01832A0B005A85EFE0FFF385
:1071E000568BDDB623A0F9005C37482783DBC4004B
:1071F000A2075D8DEFC00FEF1C540D893335A00041
:107200005E953E959C4808D483DBC400C827DC37D4
:10721000A2075D8DEFC00FED5E340D893335A00000
:107220005E953385A7404AB42285EFE0DFE6CC4087
:107230009E2589CB9387C192884335CDEFE0BFA1CE
:1072400023A204009C48C827DC37A2075D8DEFC04D
:107250006FE9058901CD138701931C2393E707028A
:107260001CA31C4863945701232864019C40268575
:107270002322F408EFE07FEA8324440899CC98485D
:1072800054335C23A206DD8E7C23C207DD8E7C3363
:10729000E207D58F1454E387D7F48347640213F7CA
:1072A000170001CFF99B93E727002303F4022285FF
:1072B000EF10402439A08CC361B793E71700230374
:1072C000F4026F80FFF303A7090001491305F7FFDC
:1072D00013081700904854325C22A206DD8E7C22EF
:1072E000C207DD8E7C32E207D58F639CE7023785CB
:1072F000002093070508DA27DE24E3F4E7FC1305F2
:107300000508EFE01FE655DD630A09002320A90008
:10731000A685EFF0AFF275B7B6846DBF2322A4083F
:10732000C5BF63100902B306F74063DE0608378560
:10733000002013050508EFE0DFE241D52322A40871
:10734000C1BF8328090183C5580083C64800A20530
:10735000D58D83C66800C206D58D83C67800E20647
:10736000CD8EB306D54063C00606B306F840634C25
:10737000D0043785002013050508EFE09FDE2A843E
:1073800029D1032709015C334C23A207DD8D7C231F
:10739000C207CD8F6C330357C900E205CD8F83A59B
:1073A00009003E970D8F635BE0009D8DC2050325AC
:1073B0004900C1812316B900EFE0BF822320890074
:1073C000A6852285B9B794402689B9F6B307F74058
:1073D000E359F0EE5C364826A2075D8DEFC08FD0F2
:1073E0000589E31005EE3785002013050508EFE059
:1073F0005FD788C0E30705EC98485C334C23A207AD
:10740000DD8D7C23C207CD8F6C33DA24E205CD8F6E
:1074100083A509003E970D8FE355E0EA9D8DC205D7
:10742000C840C181CEA4EFE0CFFB61BD2285EF1043
:10743000600541BD3387D740634807005A3485074C
:10744000958F998FE35FF0E683476402A9BDEF82D1
:107450003FDA9384C19303A904002A848347D900A7
:107460000345C900A2075D8DEFC0CFC7318142053A
:107470004181954763FCA7029C405109C827DC372E
:10748000A2075D8DEFC00FC6B787002003A60700D7
:1074900031816D150A054205931506014181C181AF
:1074A000814705488948114363E4A7006F809FD650
:1074B000B306F9009822630907016DDB630A17011F
:1074C00098326DD7BA9711A08507C207C183E9BF6B
:1074D0009832E31D67FC13873700E359A7FCB822F5
:1074E000B4322207558F6363E60011E32E871AA09A
:1074F0009107E1BFEF82DFCC4041AA8B1C3008200E
:107500004111A207138981925D8DAE8923208900E4
:10751000EFC04FBD8327090019811375C5032A9455
:1075200088239C3323AE8192A2075D8DEFC08FBB71
:107530009355650093F5C503B305B0405E85EFE054
:107540008FCA11E503D78B00CD4763E8E7005E855E
:10755000EFE04FD041016F807FCA138B81920325EA
:107560000B00CE854105EFC03F8375F103270B006B
:10757000370500F01C3B002BA207C18F202B4204D3
:10758000C18F203B62045D8CEFC0EFB8698C37057A
:1075900000E0EFC04FB8E30CA4FA83250B0003D73B
:1075A0008B009946138605015E85B105EF10906248
:1075B00059FD9384C1939C40C827DC37A2075D8D99
:1075C000EFC04FB23181F155B305B5025E85C205FA
:1075D000C185EFE04FC125FD80401C300820A20787
:1075E0005D8DEFC02FB008A0218108B080403C30F5
:1075F0002820A2075D8DEFC0EFAE28A0218128B022
:10760000804048305C2022055D8D7C20C207C98FF8
:10761000683062055D8DEFC00FB0935785005CB098
:10762000935705017CA09357850148A07CB080400A
:1076300023AAA192938A419308341C2422055D8DCC
:107640003C24C207C98F283462055D8DEFC0AFAC02
:10765000935785001CB4935705013CA493578501AB
:1076600008A43CB4804023A0A192138901927C34E9
:107670006824A2075D8DEFC0EFA69C4068A421811D
:1076800068B4C827DC37A2075D8DEFC0AFA593783B
:10769000F50F03D58B0093F53800B335B000AA95EC
:1076A00003A34190C205944003280B0093F7F8030D
:1076B000C1812382F1922390B1941A840146938C64
:1076C0004192138C019401E403A5C191D9AA9C3283
:1076D00003CE06005A30A207B3E7C7016319F70EBD
:1076E000BC3203CE26005A2CA207B3E7C7016310B1
:1076F000F70E0347D8008347C80022075D8F8347F2
:10770000E800C2075D8F8347F800E207D98F584031
:10771000631FF70A034718018347080122075D8F9B
:1077200083472801C2075D8F83473801E207D98F5D
:107730001840631EF70819C65C4423A281905CC6FA
:107740002326640003A74B00B78D0020032684087E
:1077500093870D0823A601922388019223A0070096
:10776000CAA798C723A2770194CB138A0193138DDC
:10777000C192938D0D0809CE832704098146A28505
:10778000638F072E084C8297E31305DC232404083B
:1077900083C70C0023AC819213F74700938B81932E
:1077A0006302073418488947631FF72C3850832732
:1077B00009006314F72E83470A0093E7870023002C
:1077C000FA0083476402F99B2303F402F9A422869A
:1077D0004044D5BD98329C2222075D8F5E31639173
:1077E000E70CB032B8222206598E5A2D631AC70A06
:1077F0000343D8000346C80022033363C300034693
:10780000E8004206336366000346F800620633660A
:107810006600032345006315C308034318010346AC
:10782000080122033363C300034628014206336381
:1078300066000346380162063366660003230500CE
:107840006310C30693F64800E39306D093F628002E
:1078500095C683A80A001455B386D84063C70602AC
:107860005235918E6343D0029306C8001306080177
:10787000C69503250900EF00707ED1B993F8180072
:107880006385080083A701911CDDE38205CC834753
:10789000650293E727002303F502EF00B04545B9E1
:1078A00048450DF903A3C1903E8E1A8A631C0A0055
:1078B000DC36C826A2075D8DEFC0CF821189E318A0
:1078C00005C845A003260A000DC2034718018347D7
:1078D000080122075D8F83472801C2075D8F834718
:1078E0003801E207D98F6318F618B832B0228357EF
:1078F000CA012207518F6390E71801C98327CA0084
:1079000023A641915CC523266A0093F7080189CF1D
:107910009C32902203A50A00A207D18F9306C800CB
:1079200013060801AA95B1B793F82800E38108C2AD
:1079300083A8C18B638E08040345D8008347C80021
:107940008C2222055D8D8347E80094323A86C20777
:10795000C98F0345F800A206D58D62055D8D82981A
:1079600005C9944003260B0003550C009C32B83225
:1079700083C8060003C82600A20722079306C60094
:1079800083A50A00B3E7170133670701410659BF12
:1079900003454A01EFE0DFE12A84E30A05BA8327C1
:1079A0000B0001479386070199CA943B982BA206C6
:1079B000D98EB82B4207D98EB83B6207558F18C0B5
:1079C0000357CA019386C7005AAC014799CAD437F6
:1079D000D827A206D98EF8274207D98EF837620732
:1079E000558F944058C0130504049C329822A20776
:1079F000D98F03A70A005EB08D471CC893071700F4
:107A00001CD41CD8FC36F0267D17A207D18F231278
:107A1000F406231EF40483278A0138D41CCCB787CC
:107A2000002083D707005EB47EB483270A021CD0EF
:107A300083578A0093F797191EA483A7419023A226
:107A400081905CC4EFF0BFA003550404930544008B
:107A5000EFE05FEA2310A40485470147C9460146C9
:107A600081452285492B11C581452285EFE0BFC99B
:107A7000F9BC22851DB55285032ACA0005BD014502
:107A8000EFE07FB511B383A70A001854998F63C63E
:107A900007005A34998FE350F0D283470A0013F756
:107AA00087006300073E9305F1002285EFA0BFA782
:107AB00085476316F500184889476301F71C22853E
:107AC000EFB0CF938327C40981C7084CE95582974B
:107AD000A28513854190EFE0DF9DA2850945EFD097
:107AE0001FD369AA898B85C31C480547F917637C96
:107AF000F70083476402228593E727002303F402FB
:107B0000EF00501F59BF83A70191A308040A130572
:107B100004041CDCEFF0BF931C481D47F917E36E0B
:107B2000F7F629678A07130787E7BA979C43828786
:107B300083C70C004947C98B6392E70C832704086D
:107B4000984B48335C2322055D8D7C23C207C98F87
:107B5000683362055D8DEFB01FDC832709000505E2
:107B6000631EF5088357640703A70A00944085073E
:107B7000231BF4069307170068C81CD41CD8FC36D6
:107B8000F02603550404A207D18F7D172312F406B3
:107B9000914738D41CC893054400EFE0BFD5A947EE
:107BA000B307F5020357A4052310A404231EF4040D
:107BB00085476315F7000605420541818357840711
:107BC000231DA40403250408FD17231CF4061C41EF
:107BD00023090404232204042320F40893B7170084
:107BE000B307F0407EBCEFE04FD383274409E38224
:107BF00007F0084C0146A2858297E5BD83C70C00BB
:107C0000C18BE38C07E8944003550C0083A50A0060
:107C10009C32B83203260B0083C8060003C8260036
:107C2000AA9503250900A20722079306C600B3E719
:107C30001701336707014106EF005042B9BD83C702
:107C40000C0013F7070169C703250900784893075B
:107C5000F5FF998F63C607083C50B307F5406341B1
:107C6000F00891471CC81C508DC7084C0146A285DE
:107C7000829705C185452285EFE0FFA803A54D0049
:107C800023A00B00E308058CEFD0DFDC23A20D005E
:107C9000D1B022858354A405EFE03FE78357440722
:107CA00081C7FD17231AF40605478357040463951B
:107CB000E4008607C207C183231DF40483470A003A
:107CC00093F70702E38B07DC83476402228593E77F
:107CD00027002303F402EF00F0019D471CC875BB89
:107CE000944003260B0003580C009C32B83203C3A7
:107CF000060083C8260083A50A00A2072207930670
:107D0000C600B3E76700336717014106C2952DB778
:107D1000898BE38407D81C5403A70A00FD17E39E50
:107D2000E7D62285EF0070478DBB2285EFE0FFDDAF
:107D300071B72285EFE07FDD83470A0093F70702E2
:107D4000C1C303C70C0083476402418B93E727003C
:107D50002DC3345003270900639DE6042303F40276
:107D60002285EF0020792285EFE02FC483A7419080
:107D7000631DF4005C4423A2F190A9471CC803A72B
:107D8000C19123AE819058C409BB23ACF1908146C8
:107D900089E7E5D623AC0190CDB7D0476318C4007E
:107DA00099C223ACF1905844D8C7C1BF8546B28769
:107DB000C5B72303F4022285EF00C073A14739BF82
:107DC00083C70C00C18BE38A07CC38508327090096
:107DD000E315F7CC994719B72285EFE01FD3834706
:107DE0000A0093F70702E38A07CA834764022285E1
:107DF00093E727002303F402EF00C06F2285EFE032
:107E0000CFBA83A74190E307F4F623ACF190814603
:107E1000C9D3D047E306C4F88546B287D5BF2285CB
:107E2000EFE0BFCE83C70C00C18BE38807C6385094
:107E300083270900E313F7C62285EFE00FB783A776
:107E40004190E309F4F223ACF1908146B9D3D047D5
:107E5000E308C4F48546B287D5BF2285EFE0FFCAA8
:107E600083C70C00C18BE38A07C2385083270900FF
:107E7000E315F7C283470A0093E707012300FA00DE
:107E800029B9C18B85C72285EFA05FD7A28513854D
:107E90004190EFE00FE20945A285EFD05F970325FF
:107EA0000D00E30D05DCEFD0FFBAC9BB0356440754
:107EB00019C68327C40881C7084CA2858297032668
:107EC0000D000DC683C70C00A18B89C75C3693E7F4
:107ED00017005CB6832704098146A2859DCB084C18
:107EE000829709C583270D002324F40883470A00DD
:107EF00093F7070289CB8327040981460146A285AF
:107F000089CF084C8297228523A00B00EF00805E6A
:107F1000B5B30145EFE02FECE9B70145EFE0AFEB7A
:107F2000DDB7EF82EFAC2A894A2D41112E8432C68B
:107F3000EFB07F9A08A0218108B003554902EFB045
:107F40009F99324628A0218128B0935786000325A7
:107F5000890250A05CB093570601618270B07CA08A
:107F6000EFB03F999357850008A41CB4443493574D
:107F70000501618128B44824A2043CA4C98C416550
:107F8000130505FCEFB03F95E98C4145EFB0BF9478
:107F9000458D4205418148A4218148B40355E90239
:107FA000EFB07F938357E90268A4218168B4231B53
:107FB000F9025C34482423090400A207A309040041
:107FC0005D8DEFB03F9295671375F5035D8DEFB052
:107FD0009F900357E9028327890248A4218148B46E
:107FE00023080400A3080400BA972328F902228575
:107FF00041016F802FA2EF82AF9C79712EC63ACAE1
:108000002A89B28A368BBE8D01EE93F73600B3E72C
:10801000FD00595A91C38DC1528545616F800F9EF5
:108020008357650763FAC700834769027D5A93E760
:1080300007F82303F902CDB793972D0013F72D000E
:10804000918BB14611E38146B6973EC2832709075B
:10805000378D00201307CDFF3EC41C47584383547F
:1080600089078A07B3D7E702130DCDFFE3FEF4FAC1
:1080700041679306C7FFE3E996FA924730821307F8
:1080800007FC898393F7F70F950732C85246B2076A
:10809000C2073AD2B24C13170B01C183058A418340
:1080A0003ECCD68B8149814732CE36D03AD4035A62
:1080B00009041247330AEA4063D34B015E8A114533
:1080C0003ED6131C0A01EFD08FF2135C0C012A84F8
:1080D0006306051823200500232205006384091484
:1080E000B25788C3F24763810714C247014601456E
:1080F000B305FC00C205C181EFD0BF9A48C0630F31
:108100000514EFD09FB3B247AA94C204C18081CFB7
:108110005C40E685C843C167FD173376FA00924795
:108120003E95EF1090225C40DC431CC483278D00F9
:1081300003274D008A07B3D7E70263E197128257FE
:1081400063EE9710484023168401D145EFD0BF89D4
:10815000631605105C400355C901B38B8B41DC43AA
:10816000C20B93DB0B011CC83ED6EFB0CFF6B25763
:1081700088A3218188B31C48035549023ED6EFB03D
:108180008FF5B257A8A32181A8B31C4822453ED63B
:10819000EFB02FF6B25713578500D8B31357050128
:1081A000F8A31848C8A36181E8B35C3748272309BE
:1081B0000700A207C98F1255A30907003ED6EFB0EA
:1081C0008FF1B257E98F22553ED6EFB0CFF0B257BC
:1081D0005D8D42051C48418113578500D8B7C8A75B
:1081E0002307B401EFB00FF01C481375F5033ED61A
:1081F000E2475D8DEFB02FEEB257C8A72181C8B717
:10820000C167FD17337AFA00A247D29CD2973EC4C9
:10821000A287E39E0BE8032AC90763190A06232EE7
:10822000390751A2AA897DBDC24501460145EFD05B
:108230005F8748C005C5EFD05FA0AA94C204C18083
:10824000E3860BEEE28505460D45EFD09F85AA85B6
:10825000484095E1EFD01F80232204008347690244
:108260007D5A93E707F82303F902E38709DA4E857D
:10827000EFD05FED55B323A295018504C2042324FA
:108280009401C180EFD03F9D55B53E8A83270A00F7
:10829000EDFF83270A01835BCA00C827DC37A207EA
:1082A0005D8DEFB02FE40D893335A0005E95630539
:1082B000051883270A01C827DC37A2075D8DEFB0B8
:1082C0006FE20D89631A051693773B0081C78547D6
:1082D0006314FB1603D7C9008357CA00BA97035724
:1082E0000904634BF7140347EA0083C7E9006315E9
:1082F000F71403270A0148335C2322055D8D7C2394
:10830000C207C98F683362055D8DEFB0CFE003A768
:108310000901835BCA005C23AA9B483322055D8D5B
:108320007C23C207C98F683362055D8DEFB0AFDE75
:108330006394AB10C247B15503A549009D8DC2059A
:10834000C185EFD04FEAE31B05F003A549003E25A8
:1083500099EB1C41FD14C20423A2F900232005005F
:10836000C180EFD02FEF93771B00CDC783270A0181
:1083700083CBD700C827A20BB3EBAB000545EFB00A
:108380008FD583270A0133E5AB0042054181C8A799
:108390002181C8B763958900035CCA005284CE85E9
:1083A0001145EFD0CFC693773B0089C7850AC20A33
:1083B00093DA0A01137B1B0063080B0083476902F1
:1083C00093E707022303F90283270907231C990671
:1083D000014AD6972328F90683576907B38A57417C
:1083E000231B5907E30A0CC21C48E38707C2524704
:1083F000098BE31307C2C437C827A204C98C2145DF
:10840000EFB06FCD1C48458D42054181C8A7218141
:10841000C8B719B183A5490003254A00EFD0BF832F
:1084200003D7C9008357CA00BA972316FA0083A757
:1084300009002320FA00B9BF23203A01ADB7EF723B
:108440003FDBAE868147054701468145EFF0BFBA65
:108450006F705FDCAA8708491D476308E5001308B1
:10846000E5FF09476155636E0701014519CAEF72BF
:108470003FD836873E8581468147EFF0DFB76F7082
:108480007FD98280EF723FD52A840146D1450545C8
:10849000EFD02FE131CD83476402AA842850F19BAD
:1084A0002303F402EFB0EFC4CC402A862285EFF01C
:1084B0005FA79A2413094400AA8999464A86A2858F
:1084C0002685EF0030712388A9002181A388A900A7
:1084D0003824343499474A86A2852685EFB07F88B0
:1084E0002685EFD02FD70145A30304026F70FFD17B
:1084F0007955EDBF83A781936380A736EF725FCC78
:1085000083574506035AA50563F347013E8A83470F
:108510006502420A2A84898B135A0A01645D95CB4D
:1085200091E42285EFF01FF66F705FCD98484833D5
:108530005C2322055D8D7C23C207C98F68336205E9
:108540005D8DEFB04FBDDE247848998F3E95E36A8C
:10855000AAFC8329040863960908B78A0020894B7E
:10856000938ACAFF370C0402130B4400FD5CADC0B4
:10857000984848335C2322055D8D7C23C207C98F50
:10858000683362055D8DEFB00FB9DE247848998FAE
:108590003E95637CAA048347040B9DEB98484833BF
:1085A0005C2322055D8D7C23C207C98F6833620579
:1085B0005D8DEFB04FB6DE247848998F3E95835796
:1085C000440663F7A70085472326040A2308F40A14
:1085D00083476402014593F7F7072303F402A9B721
:1085E000BE8983A70900EDFF8DBF8327040895C3CB
:1085F0008347640213F7470409EF785C01CB144307
:1086000089EA56270357040463F5E60093F7070A3F
:10861000D9D39C407CDC1C48638977039C4803C900
:10862000D700C82722093369A9004145EFB0AFAA96
:108630009C483365A90042054181C8A72181C8B77C
:1086400083476402F19B2303F402085403A9040145
:10865000EFB02FAA935785002304A900A304F900C3
:10866000935705016181A305A9006A342305F90028
:1086700003A90401EFB02FA67A341C542307A900E4
:108680002181A307A900BA977AB81CD8FC24858B4E
:1086900099CB03A54A0003A904013365AC00EFB0F0
:1086A0004FA5232AA9001C4099E75A85EFB06FA770
:1086B00059C55C411CC08317E40363949701231FD1
:1086C00004027C4095E383A7019198487CC048331D
:1086D0005C2322055D8D7C23C207C98F6833620548
:1086E0005D8DEFB04FA328C4C84003A9040199468B
:1086F0005841232225015A863307E9409317070181
:108700003A25C183A2851D8F3AA51A251D8F4207E0
:1087100041831AA523080900A3080900EF00904B24
:108720002308A9002181A308A90038243434C840B3
:1087300099475A86A285EFB0CFE2A3030402984876
:1087400048335C2322055D8D7C23C207C98F6833C3
:1087500062055D8DEFB02F9C9C482A8983DDC400A3
:10876000C827DC37A2075D8DEFB0CF970D89333571
:10877000A0003C506E954A95898F63D3070028D09E
:108780009C4803D9C400C827DC37A2075D8DEFB031
:108790006F950D893335A0004A955DC9832704087C
:1087A00023A0040089E723209408A68999A8984863
:1087B00048335C2322055D8D7C23C207C98F683353
:1087C00062055D8DEFB02F9503A709012A89483313
:1087D0005C2322055D8D7C23C207C98F6833620547
:1087E0005D8DEFB04F933305A94063500506130923
:1087F00004088327090081EB832709009CC02320FC
:108800009900645CADB3984B48335C2322055D8DC1
:108810007C23C207C98F683362055D8DEFB0AF8FCF
:108820009848AA8D48335C2322055D8D7C23C207BE
:10883000C98F683362055D8DEFB0EF8D3385AD4034
:10884000E35C05FA032909006DB723A09900B1BFC5
:108850002685EFD09F8C75B701458280EF72BF9758
:108860004111AA8AAE84B289D14501460545368AAE
:108870003AC63E8BEFD0EFA26303050E324740416C
:108880002A893A85EFB02F8508A0218108B05A8542
:10889000EFB06F8428A0218128B05685EFB06F8596
:1088A0009357850048A05CB09357050161817CA077
:1088B00068B02685EFB0EF839357850008A41CB4F9
:1088C000443493570501618128B44824A2043CA490
:1088D000C98C4165130505FCEFA0FFFFE98C5145EC
:1088E000EFA07FFF458D42054181B787002048A456
:1088F000218148B403D50700EFA0FFFD68A45C34D4
:10890000218168B44824A207230904005D8DA309CE
:108910000400EFA03FFD95671375F5035D8DEFA093
:108920009FFB0357890048A4218148B49946528689
:10893000CE8523080400A30804004A85EF0090298F
:1089400008A8218108B89947014793060008528674
:10895000CE854A85EFB0EFC04A85EFD0AF8F410199
:108960006F70BF8A8327050885CBEF727F883E87AB
:1089700014438DE2745D14C37CDD834725052320F9
:1089800005082322050485072309F504EFF09FB6A7
:108990006F705F883687E9BF8280EF72DF83832440
:1089A000050895C49C402A841309C5072320F508AF
:1089B0008327090099EF832709009CC02320990091
:1089C000834724052322040485072309F4046F70D8
:1089D000DF83984B48335C2322055D8D7C23C207DF
:1089E000C98F683362055D8DEFA0FFF29848AA89B0
:1089F00048335C2322055D8D7C23C207C98F683311
:108A000062055D8DEFA03FF13385A940E35505FA7E
:108A10000329090071BF83270508B1CFEF724FFD0D
:108A2000834765022A84918BA9E7EFF01FF78356ED
:108A3000A4058357440613D7160063F4D70013D751
:108A4000170083570404231EE4049396170063540D
:108A5000D700231ED4040D47B387E7020357C4058C
:108A6000BA97231DF4048347640293E74700230366
:108A7000F4026F702FFA8280EF72EFF5AA8401463C
:108A8000D1450545EFD0EF8129C52A84A850138927
:108A900044007D15EFA0FFE54C402A862685EFF0C7
:108AA0004FC81A24AA8999464A86A6852285EF00CE
:108AB00070122388A9002181A388A900B4349947A2
:108AC00001474A86A6852285EFB0AFA92285EFC06F
:108AD0007FF86F708FF3EF720FF00324050819E031
:108AE000605D5DC41C48AA84C827DC37A2075D8D81
:108AF000EFA05FDF058959CD5E24C9EF054AD14556
:108B000001460545EFC0FFF92A8959C118484C4173
:108B1000268550335C2322065D8E7C23C207D18FCD
:108B2000703362065D8EEFF0CFBFAA8963070A0635
:108B300040355C2541652204130505FC5D8CEFA0E2
:108B40009FD9698C4545EFA01FD9498C9317040123
:108B5000C1832386F900A183A386F9000357890006
:108B60001384440099462286A6854A85EF00900624
:108B70002388A9002181A388A900B434994701471B
:108B80002286A6854A85EFB0CF9D4A85EFC09FEC2F
:108B90006F70AFE7014AD545A5B718448327490050
:108BA00003070700D8AB5DBFEF728FE14041062598
:108BB0002A891C3008204111A2075D8D2E8AEFA062
:108BC0007FD221813D8909050A0563C2A4021C30B8
:108BD0000820A2075D8DEFA0FFD09355650093F5A7
:108BE000C503B305B0404A85EFC0FFDF19C54A850C
:108BF000EFC05FE641016F706FE0832A4900130CFC
:108C00000401D2856285EFB02F9983C71A002A8BA1
:108C100003C50A00A2075D8DEFA0DFCC83C73A0031
:108C2000AA8B03C52A00A2075D8DEFA0BFCB9307D7
:108C30004004AA86631DF506930730046399FB126E
:108C400083270A0263850712C44363820412D44057
:108C500089CE58345C2422075D8F7C24C2075D8F47
:108C60007C34E207D98F6394F61083C77A0003C778
:108C70006A00A207D98F99CB03578900C54662863F
:108C80009305C4004A85EF00E07435F1E1554A854B
:108C9000EFC07FD529FD638C040E9C4CA9DBC84C2A
:108CA0005E879306C4004A86A6858297A1B783A4EF
:108CB0004194014D814D938C41941306C07689E413
:108CC00063070D0AEA8455B7BE28639CD70898400D
:108CD00063150B0439E363160D009C28918B91E317
:108CE000268DDE2863927709CC4089CD58345C24E8
:108CF00022075D8F7C24C2075D8F7C34E207D98F09
:108D00006394F506E3830DF6DC4423A6FD0083A7F8
:108D10000C0023A09C00DCC489BF1C3883490401DB
:108D2000A207B3E7370183492401C209B3E7F90079
:108D300083493401E209B3E9F900E38EE9F8370524
:108D400000F036C6EFA03FBDB3F9A900370500E03B
:108D5000EFA07FBCB2461306C076E38EA9F6E31CF3
:108D60000BF6A68DC444A1BFE39DC6FEFDBD183819
:108D70001C2822075D8F3C28C2075D8F3C38E20724
:108D8000D98F03274A00E314F7E68144F9BDE310C5
:108D90000BE61C380428370500F0A207C58F2428ED
:108DA000C204C58F2438E204DD8CEFA0DFB6E98C65
:108DB000370500E0EFA03FB6E38BA4E21C300820AB
:108DC000A2075D8DEFA01FB293558500BD8989056F
:108DD0008A054A85EFC03FC18D454A85892B01BD73
:108DE00083A84194AA860143C687138841949DE7CE
:108DF00099C998319C2122075D8FBC21C2075D8FE4
:108E0000BC31E207D98F9CC225C6B2AA01456316C0
:108E1000030023A616012320D8008280638BD7028B
:108E2000BA2B6316C70203AE070063140E00555534
:108E30008280F5DD883198212205598DB8214207BD
:108E4000598DB8316207498F7DD3E302EEFEDC47CE
:108E500079BF0543EDBFAE2B639AC50005064206F8
:108E60004182C687DDD3E318E6FED1B7DC47DDBF1C
:108E70002167C68705667D17F5B7EF72CFB53E2926
:108E80002A89AE89B28A368B3A8AADC7A1454E850A
:108E9000EFC07FB5CE8401CD0146A1450545EFC0A9
:108EA0005FC0AA847D5429CDCE85EFC09FDC0355D9
:108EB0002901C040EFA03FA208A0218108B05A8537
:108EC000EFA07FA18327090028A0218128B02303D8
:108ED0000400A3030400130B4A0095C703274A00AC
:108EE0004A8B6382E7025D54638C34012685EFC0B0
:108EF0007FB639A00146AA85EFF09FEE2A8459D5A6
:108F000022856F708FB08A24EFA0FF9C48A021813A
:108F100048B083470901858B99EB9A24C54656864C
:108F2000DA85268545290DC168A0218168B00347EF
:108F3000A9008346B9005288C5475686DA8526853A
:108F4000EFA09FCC2A844DB7FD577CA07CB0C5B75D
:108F5000EF720FAA41112A8432852EC636C432C25E
:108F6000EFA03F9C19C9A2461246B2452A87228526
:108F7000EFF0BFF041016F70EFA97155E5BFEF72DF
:108F80002FA7562913064500EFF09FFC6F708FA89E
:108F9000EF720FA63E292A84AE843289B1CB814775
:108FA00099C898309C2022075D8FBC20C2075D8F36
:108FB000BC30E207D98F18285CC0231A240113673C
:108FC000470018A8184005EF85CF13054400EFA00F
:108FD0005F95AA87715595C3DC431CC083A6419455
:108FE00093874194368705E354C480C3014531A07B
:108FF0000146AA85EFF0DFDE5DD16F70AFA1F9FF0A
:1090000023200400E1BFE30387FE5847E9BF0CCDEE
:1090100050CD8280EF72CF9D138741941C43AA8567
:109020006390A7025C451CC30545EFC04FFE6F70FF
:109030006F9ED84709C76314B700D845D8C7DC4727
:10904000EDFBDDB7EF72CF9A0545EFC04FFA2A84EA
:1090500009C9130600028145EF708F9C930700F841
:109060003CB422856F700F9BEF72EF962A842E8A94
:10907000B2899305400201460545EFC09FA231CD5C
:10908000032904004041AA847146CA852300440193
:10909000A300340123020400A302040023030400FC
:1090A000A303040013058400EF00302AAE2423013B
:1090B0000400A301040022851D2128A0218128B0DD
:1090C00085470147930600081306C9008145268598
:1090D000EFA03FC92685EFC0FF976F700F93EF7227
:1090E000AF8E4041AA8441111C300820AE89A207EE
:1090F0005D8DEFA02FFF135965001379C903B30AE3
:109100002041C20A93DA0A41D6852685EFC0BF8D79
:1091100039E19E248D4663F0F604DC409823631207
:10912000D704982793868700883F3D8B0A07369798
:109130002C2303483700982F22059433598DB82FDC
:10914000903BA2054207498FA83FB3E505016205A0
:10915000598DEF90BFDA2685EFC0DF8F41016F7028
:109160002F8AA147E319F7FE1C38034A040137058B
:1091700000F0A207B3E74701034A2401014B420A6A
:10918000B367FA00034A3401620A336AFA00EFA0B7
:109190008FF82A8C370500E0EFA0EFF7AA8BCE8579
:1091A00013050401EFA05FBF19E533758A0133058C
:1091B0007541333BA000EF909FD351DDE30D0BF8D9
:1091C0009A249D47E3F9E7F82685252649F54209C3
:1091D00093052002268513590941EFC0DF806304FF
:1091E0000512CA852685EFC01F8035F58E240146FD
:1091F0000945EFC01F8B2A8A39DDA685EFC0BFA8BD
:1092000039F9D685528503244A00EFC0CFFD21F5F8
:109210002685EFC03F84D28458345C24143822075A
:109220005D8F7C24A20603AA4400C2075D8F7C34B4
:109230003D651305F57FE207D98F18281CA8D98E44
:1092400038284207D98E38386207558F93568700E1
:1092500058A454B493560701618378B413D7870098
:1092600018B813D70701E18374A438A83CB8834A1F
:109270003A0083472A0023000A00A20AB3EAFA0050
:10928000EFA06FE563E9AA08056513050580EFA067
:109290008FE483473A0003472A00A207D98F850746
:1092A0003E95420541812301AA002181A301AA0024
:1092B0001C340824A2075D8DEFA0CFE2A1671375CF
:1092C000F50F5D8DEFA02FE108A4218108B4D145F1
:1092D00023050400A30504002285112428A421816C
:1092E00028B4CA852685EFC00FF0E31605E64E8840
:1092F000854701479306000801469305C40026856B
:10930000EFA09F9089BD9305E0FD2685EFC0AFEDEE
:10931000E30405F089B5056513050580EFA0AFDB13
:1093200083473A0003472A00A207D98F95BFEF620F
:109330003FEC13F6F50F11058D45EFF0FFD26F608E
:109340007FEDEF62FFEA13F6F50F1105AD45EFF083
:10935000BFD16F603FECEF62BFE93308B500420850
:10936000AA860147135808018548B307D840C207A9
:10937000C18363E4F80493D71500939617003695DC
:10938000F956B387D702BE95C205C18181C51C219C
:10939000A2073E9741659306F5FF93570701758F26
:1093A0003385E700C177E98F99C3758D05054205BF
:1093B0004181EFA04FD26F60FFE59C329022890679
:1093C000A207D18F13968700A183D18FC207C183D3
:1093D0003E9761BFEF625FDFB787002083A7070179
:1093E000BA844111139757006349070E416B2A89CC
:1093F000AE8A328A814901447D1B854B631E090870
:10940000638B09004167931784007D172180F98FD2
:109410001374F40F5D8C03C51A0083C70A00034759
:109420000A0022055D8D83C72A0003463A00416980
:10943000C2075D8D83C73A0062067D19E207C98FB6
:1094400003451A002205498F03452A004205598D1C
:10945000498E33752601418233F7270132953A95BB
:10946000C1833E952A943685EFA0EFC62A942685BF
:10947000EFA06FC6229513540501337525012A9478
:10948000135504013374240122951345F5FF420559
:10949000418141016F60DFD68355A9000325490052
:1094A00036C6EFF05FEB2A949357040133746401DE
:1094B0003E948357A900B246858B89CF93178400C9
:1094C0002180B3893B41B3F767011374F40F93F91B
:1094D000F90F5D8C0329090015B701455DBFEF62E7
:1094E0003FD1EFF05FE71345F5FF420541816F6023
:1094F0007FD2EF625FCEC169AA8401490144FD19A0
:10950000054A95E0630B09004167931784007D17B6
:109510002180F98F1374F40F5D8C1345F4FF42051D
:1095200041816F609FCEAE24C840EFF0DFE22A9405
:1095300093570401337434013E94BE24858B89CF44
:1095400093178400218033092A41B3F7370113743C
:10955000F40F1379F90F5D8C844065B7011106CEC5
:109560002EC60DCD1841AA8705C358417D5511CB94
:109570008546631BD70098472300070023A20700F6
:109580000545F240056182809847B24614A398478A
:10959000050798C7D8437D17D8C3DDB705466C00CB
:1095A000EF806FCDF1BF797122D426D24ECE52CC4E
:1095B00056CA06D64AD05AC82A8AAE8A328481440C
:1095C0009309000263440602B3879A008387070069
:1095D0009DE363D6840263D2E402198C93F72600DC
:1095E0009309000281C719E393090003858A0149A1
:1095F00085EA228931A88504C1BF058CC5B701441D
:10960000F1BFCE8552853AC6EFF05FF532477D193E
:10961000E34920FF228963530400014933042441B4
:1096200063CBE402CA84B3872441D69783850700BD
:10963000A1E12289634320056353040001443305FB
:109640009400B250225492540259F249624AD24ACA
:10965000424B45618280B3049740268B93050003FB
:1096600052857D1BEFF09FEFE31A0BFE26995DBF3D
:109670005285EFF0BFEE85047DB7CE855285EFF0C1
:10968000FFED7D1945BF5D71A6C252DC86C6A2C43E
:10969000CAC04EDE56DABA843E8A9DE193070003C3
:1096A0000147D28626862C08FC84EFF0DFEFB64017
:1096B000264496440649F259625AD25A6161828020
:1096C0002A893684C68A91CAA94701446317F600DD
:1096D00063D50500B305B0400544A3070102930715
:1096E000F102A546130568FC33F7C50263D3E60013
:1096F0002A9713070703A38FE7FE9389F7FF33D752
:10970000C50263FBC50409CCB9C813772A0021CB75
:109710009305D0024A8542C6EFF05FE43248FD145B
:1097200093774A008DC393071006930500034A857B
:10973000631FF802EFF09FE2930580074A85EFF080
:10974000FFE10904F9145687D2862686CE854A851C
:10975000EFF07FE52295A1BFBA85CE8771B71307D9
:10976000D002A38FE9FE01449389E7FF55BFEFF0D4
:10977000FFDE93058005D9B70145828001458280CF
:1097800039715AD037AB000022DC26DA4AD84ED6DF
:1097900052D456D25ECE62CC06DE66CAAA892E8923
:1097A0003284014A8144930B5002930AB002294C3F
:1097B000130B8BE9830509008DE56386090081455C
:1097C0004E85EFF0BFD9F250625426854259D254EB
:1097D000B259225A925A025BF24B624CD24C21612E
:1097E0008280638875014E85EFF05FD78504050997
:1097F000D1B783071900930C1900639A7701930579
:1098000050024E85EFF09FD585046689CDB7D5D738
:109810006387570563C8FA00130730026384E704BF
:10982000814705A01307D002638AE70013070003EE
:10983000E398E7FE930C2900894721A0930C2900A7
:10984000854703870C006303570563C1EA0293064B
:109850003002630BD70266890146A54535A8930CF3
:1098600029007DBF930C29009147E1BF9306D002E8
:109870006309D70093060003E31FD7FC93E7270093
:1098800031A0850C8547C1BF93E74700850CE1B740
:10989000330686030509369603070900930607FD7C
:1098A00013F5F60FE3F6A5FE9305E0029946631E55
:1098B000B70005098146A54503070900130707FD01
:1098C0001375F70F63F5A502368A030709009305A0
:1098D000A0066301B70A63C1E5029305C004630BE8
:1098E000B708930580066300B70881452DA0B386AD
:1098F00086030509BA96C9B793054007630CB706F6
:109900009305A0076308B7061305C00681456314D5
:10991000A700050991450307090013050006130870
:1099200010066344E5001308100413057006634035
:10993000E506130550066355A71413057004634D1F
:10994000E50293055004635DB71293063004E310FB
:10995000D7EA1840930C4400A30601005886BE863F
:1099600001476C0041A0030519008145E315E5FAA4
:10997000090955B7050995BF93063006E30BD7FCD7
:1099800063C6E606930680056303D7028DB593068A
:1099900030076301D70463C8E6029306F006630E3E
:1099A000D70A9306000793E74700E312D7E4D9CD1F
:1099B0001D04937584FFC288138485003E88014787
:1099C000B287C1463DA8930650076300D7069306A9
:1099D00080075DBF1840930C4400DA8511C3BA8537
:1099E0005287BE864E85EFF01FBC2DA895C11D0481
:1099F000937584FFC288138485003E880547B2872B
:109A0000A946D0418C414E85EFF01FD7AA94C5B32B
:109A1000930C4400D2883287854629460C404E85F7
:109A2000EFF07FC6AA946684D9B399C91D049375D3
:109A300084FFC288138485003E880147B287C9B776
:109A4000930C4400D28832878146C1BF3287930C81
:109A50004400D28881464146D1B781CD1D0493751B
:109A600084FFC288138485003E880147B287A146DF
:109A700049BF3287930C4400D2888146214679BF82
:109A80001D04937584FF138485003287D0418C4177
:109A9000C2884E853E88B687A946EFF03FCEBDB757
:109AA00039712ED232D4AA855010014506CE36D651
:109AB0003AD83EDA42DC46DE32C6EFF07FCCF240E6
:109AC00021618280011122CC26CA06CE1C21AA84E3
:109AD0000144DC878307F100050499EFA94793054A
:109AE000F10005460145DC87EF70FFF82285F24062
:109AF0006244D2440561828005469305F100014528
:109B0000EF707FF7B38784009C23DC87E1B70111F6
:109B10002AC66C000546014506CEEF70DFF5F2401F
:109B200005450561828001476314E6000145828096
:109B3000B307E5000507B386E5009C2383C6F6FF5F
:109B4000E384D7FE3385D7408280B3C7A5008D8BD1
:109B50003307C50081E78D4763EDC700AA87637EA1
:109B6000E508942185078505A38FD7FEE3EBE7FE83
:109B7000828093763500AA8789CA94218507850556
:109B8000A38FD7FE93F63700C5BF9376C7FF138622
:109B900006FE63F0C70683A3050083A2450083AFDA
:109BA000850003AFC50083AE050103AE450103A3E5
:109BB000850183A8C5019385450223A0770003A8EA
:109BC000C5FF23A2570023A4F70123A6E70123A87A
:109BD000D70123AAC70123AC670023AE17019387DF
:109BE000470223AE07FF75B790419107910523AE59
:109BF000C7FEE3EBD7FEE3E6E7F68280AA8798216B
:109C000085078505A38FE7FE7DFB8280AA878507F0
:109C100003C7F7FF6DFF3385A7407D1582800000E5
:109C2000486172644661756C745F48616E646C650E
:109C3000720D00006D65706320203A253038780D74
:109C40000A0000006D63617573653A253038780D40
:109C50000A0000006D7476616C203A253038780D6A
:109C60000A000000536F636B657449642025640D1E
:109C70000A000000444843502053756363657373C2
:109C80000D0000004950416464723A2025642E257D
:109C9000642E25642E2564200D0A00004757495084
:109CA000416464723A2025642E25642E25642E2595
:109CB00064200D0A0000000049504D61736B3A208A
:109CC00025642E25642E25642E2564200D0A0000AF
:109CD000444E53313A2025642E25642E25642E25CA
:109CE00064200D0A00000000444E53323A202564DF
:109CF0002E25642E25642E2564200D0A0000000008
:109D000044484350204661696C2025303278200D4C
:109D10000A00000047494E545F535441545F554E6A
:109D200052454143480D000047494E545F5354414A
:109D3000545F49505F434F4E464C490D00000000B0
:109D4000504859204C696E6B20537563636573737B
:109D50000D00000054435020436F6E6E6563742005
:109D6000537563636573730D000000005443502006
:109D7000446973636F6E6E6563740D0054435020C5
:109D800054696D656F75740D000000004572726F47
:109D9000723A20253032580D0A00000044484350E2
:109DA00020546573740D000053797374656D436CB2
:109DB0006B3A25640D0A00004368697049443A25EE
:109DC0003038780D0A0000006E6574207665727375
:109DD000696F6E3A25780A0076657273696F6E2036
:109DE0006572726F722E00006D616320616464722F
:109DF0003A000000257820005743484E45540000A3
:109E00005743484E45545F4C6962496E697420530C
:109E10007563636573730D000000010001000000AD
:109E200002000000040004001C002000B400240014
:109E3000140020001000000600111213141516174C
:109E400018191A1B1C1D1E1F4065000086650000A6
:109E5000A0650000B0650000B06500009C650000D2
:109E60009C650000BE6500000102030405060707AB
:109E70000707070707000000307B00003E7C00005A
:109E80002A7D0000327D0000D87D00002A7D000080
:109E90001E7E00005A7E0000286E756C6C29000042
:109EA000000000000000000001020304060708098A
:109EB0000000000001020304010203040607080970
:109EC000C0A87B69E803E80300D8B80502040608C7
:109ED0000000CDAB5C4E0020189E0000289E0000C4
:109EE0006E19000000100000FFFFFFFFFFFF0000E1
:109EF000000000000000000000000000FFFFFFFF66
:089F000003060C183060780024
:00000001FF
